OBJECTID,OBJECTID_1,MuaSrcID,MuaDgnTpCD,MuaDgnTypD,MuaStatCD,MuaStatD,MuaDgnDT,MuaDgnDtT,MuaSvcArNM,MuaUpdDt,MuaUpdDtT,UMBd100Ind,DwRecCrtDT,DwRecCtDtT,PriStFips,PriStAbbr,PriStNM,PriRegCD,PriRegNM,CRegCD,CRegNM,CStNM,CStAbbr,CStFips,BrkDgnIND,InfMortRt,InfMorRtIu,MuaDgnPp,MuaMtrIndC,MuaMtrIndD,MuaPpTypCD,MuaPpTypD,MuaRsCivPp,MuaSCORE,MuaWdrDT,MuaWdrDtT,PpAge65PCT,PpAge6PIu,Pvt100PNum,Pvt100PNIu,Prv1000PRI,RurStatCD,RurStatDes,Prvd1000Pp,Shape__Area,Shape__Length
1,198,00231,MUA,Medically Underserved Area,D,Designated,777254400000,1994/08/19,Oroville/Palermo (MSSA 10),777254400000,1994/08/19,N,1534982400000,2018/08/23,06,CA,California,09,Region IX,09,Region IX,California,CA,06,N,0,0,0,0,Unknown,TRC,Medically Underserved Area,0,56.9,, ,0,0,0,0,0,R,Rural,0,0.0752235900067717,1.61544514429746
2,199,00232,MUA,Medically Underserved Area,D,Designated,777254400000,1994/08/19,Feather Falls (MSSA 11),777254400000,1994/08/19,N,1534982400000,2018/08/23,06,CA,California,09,Region IX,09,Region IX,California,CA,06,N,0,0,0,0,Unknown,TRC,Medically Underserved Area,0,50,, ,0,0,0,0,0,R,Rural,0,0.120908185830103,2.05908103951224
3,200,00233,MUA,Medically Underserved Area,D,Designated,777254400000,1994/08/19,MSSA 8 (Magalia/Paradise),1091664000000,2004/08/05,N,1534982400000,2018/08/23,06,CA,California,09,Region IX,09,Region IX,California,CA,06,Y,5.6,0,29944,0,Unknown,TRC,Medically Underserved Area,40744,50.2,, ,26.2,0,12.6,0,0,R,Rural,0.13,0.0651183827449131,1.94295938227457
4,201,00234,MUA,Medically Underserved Area,D,Designated,690163200000,1991/11/15,Del Norte County,690163200000,1991/11/15,N,1534982400000,2018/08/23,06,CA,California,09,Region IX,09,Region IX,California,CA,06,N,0,0,0,0,Unknown,TRC,Medically Underserved Area,0,61,, ,0,0,0,0,0,R,Rural,0,0.344748165211058,3.36769778556983
5,202,00235,MUA,Medically Underserved Area,D,Designated,799286400000,1995/05/01,Laton/Riverdale Service Area,799286400000,1995/05/01,N,1534982400000,2018/08/23,06,CA,California,09,Region IX,09,Region IX,California,CA,06,N,0,0,0,0,Unknown,TRC,Medically Underserved Area,0,56.8,, ,0,0,0,0,0,R,Rural,0,0.0318705504587342,1.04669648002669
6,203,00237,MUA,Medically Underserved Area,D,Designated,785030400000,1994/11/17,Garberville/Redway Service Area,785030400000,1994/11/17,N,1534982400000,2018/08/23,06,CA,California,09,Region IX,09,Region IX,California,CA,06,N,0,0,0,0,Unknown,TRC,Medically Underserved Area,0,60.9,, ,0,0,0,0,0,R,Rural,0,0.202442631439681,2.24067301255851
7,204,00238,MUA,Medically Underserved Area,D,Designated,812678400000,1995/10/03,Corcoran Service Area,812678400000,1995/10/03,N,1534982400000,2018/08/23,06,CA,California,09,Region IX,09,Region IX,California,CA,06,N,0,0,0,0,Unknown,TRC,Medically Underserved Area,0,59.3,, ,0,0,0,0,0,R,Rural,0,0.175119513421123,1.93107953651353
8,205,00239,MUA,Medically Underserved Area,D,Designated,775699200000,1994/08/01,Avenal Service Area,775699200000,1994/08/01,N,1534982400000,2018/08/23,06,CA,California,09,Region IX,09,Region IX,California,CA,06,N,0,0,0,0,Unknown,TRC,Medically Underserved Area,0,59.2,, ,0,0,0,0,0,R,Rural,0,0.0788002166877959,1.29236033631778
9,206,00242,MUP,Medically Underserved Population,D,Designated,796608000000,1995/03/31,Low Inc - Big Valley Service Area,796608000000,1995/03/31,N,1534982400000,2018/08/23,06,CA,California,09,Region IX,09,Region IX,California,CA,06,N,0,0,0,0,Unknown,LI,MUP Low Income,0,60.8,, ,0,0,0,0,0,R,Rural,0,0.269145559580011,2.384273196323
10,207,00243,MUP,Medically Underserved Population,D,Designated,1069459200000,2003/11/22,MSSA 78.2oo - Low Income - El Monte,1288828800000,2010/11/04,N,1534982400000,2018/08/23,06,CA,California,09,Region IX,09,Region IX,California,CA,06,N,0,0,34905,0,Unknown,LI,MUP Low Income,60705,59.6,, ,0,0,0,0,0,N,Non-Rural,0,0.00282981524378556,0.373723891236775
11,208,00244,MUP,Medically Underserved Population,D,Designated,785548800000,1994/11/23,Low Inc - Palos Verdes Service Area,785548800000,1994/11/23,N,1534982400000,2018/08/23,06,CA,California,09,Region IX,09,Region IX,California,CA,06,N,0,0,0,0,Unknown,LI,MUP Low Income,0,56.6,, ,0,0,0,0,0,P,Partially Rural,0,0.139163251460104,2.26434021181206
12,209,00245,MUP,Medically Underserved Population,D,Designated,773539200000,1994/07/07,Low Inc - South Gate Service Area,773539200000,1994/07/07,N,1534982400000,2018/08/23,06,CA,California,09,Region IX,09,Region IX,California,CA,06,N,0,0,0,0,Unknown,LI,MUP Low Income,0,54,, ,0,0,0,0,0,N,Non-Rural,0,0.00126576001525791,0.411678183531289
13,210,00246,MUA,Medically Underserved Area,D,Designated,278726400000,1978/11/01,Madera County,278726400000,1978/11/01,N,1534982400000,2018/08/23,06,CA,California,09,Region IX,09,Region IX,California,CA,06,N,0,0,0,0,Unknown,TRC,Medically Underserved Area,0,59.9,, ,0,0,0,0,0,P,Partially Rural,0,0.566181570925892,4.8744407757214
14,211,00247,MUP,Medically Underserved Population,D,Designated,788745600000,1994/12/30,Low Inc - Navato Service Area,788745600000,1994/12/30,N,1534982400000,2018/08/23,06,CA,California,09,Region IX,09,Region IX,California,CA,06,N,0,0,0,0,Unknown,LI,MUP Low Income,0,59.7,, ,0,0,0,0,0,P,Partially Rural,0,0.137030921696351,4.62625570051981
15,212,00248,MUP,Medically Underserved Population,D,Designated,788745600000,1994/12/30,Low Inc - Bolinas/Stinson Beach Service Area,788745600000,1994/12/30,N,1534982400000,2018/08/23,06,CA,California,09,Region IX,09,Region IX,California,CA,06,N,0,0,0,0,Unknown,LI,MUP Low Income,0,47.2,, ,0,0,0,0,0,P,Partially Rural,0,0.109438011235852,3.03870395538309
16,213,00249,MUP,Medically Underserved Population,D,Designated,800236800000,1995/05/12,Low Inc - Napa Service Area,800236800000,1995/05/12,N,1534982400000,2018/08/23,06,CA,California,09,Region IX,09,Region IX,California,CA,06,N,0,0,0,0,Unknown,LI,MUP Low Income,0,54.1,, ,0,0,0,0,0,P,Partially Rural,0,0.07326395663722,2.62986942151598
17,214,00250,MUP,Medically Underserved Population,D,Designated,802396800000,1995/06/06,Low Inc - Grass Valley/Nevada City Service Area,802396800000,1995/06/06,N,1534982400000,2018/08/23,06,CA,California,09,Region IX,09,Region IX,California,CA,06,N,0,0,0,0,Unknown,LI,MUP Low Income,0,49.7,, ,0,0,0,0,0,R,Rural,0,0.211005475772708,4.25068430679299
18,215,00253,MUP,Medically Underserved Population,D,Designated,799286400000,1995/05/01,Low Inc - Fullerton Service Area,799286400000,1995/05/01,N,1534982400000,2018/08/23,06,CA,California,09,Region IX,09,Region IX,California,CA,06,N,0,0,0,0,Unknown,LI,MUP Low Income,0,46.7,, ,0,0,0,0,0,N,Non-Rural,0,0.00427339577640851,0.440663169591024
19,216,00254,MUP,Medically Underserved Population,D,Designated,799286400000,1995/05/01,Low Inc - Brea West La Habre Service,799286400000,1995/05/01,N,1534982400000,2018/08/23,06,CA,California,09,Region IX,09,Region IX,California,CA,06,N,0,0,0,0,Unknown,LI,MUP Low Income,0,50.8,, ,0,0,0,0,0,N,Non-Rural,0,0.00316727906147207,0.42859204184938
20,217,00255,MUP,Medically Underserved Population,D,Designated,798940800000,1995/04/27,Low Inc - Portola Service Area,798940800000,1995/04/27,N,1534982400000,2018/08/23,06,CA,California,09,Region IX,09,Region IX,California,CA,06,N,0,0,0,0,Unknown,LI,MUP Low Income,0,48.3,, ,0,0,0,0,0,R,Rural,0,0.180840798203462,2.45134319102626
21,218,00256,MUA,Medically Underserved Area,D,Designated,804384000000,1995/06/29,Chairaco Summit/Desert Center Service Area,804384000000,1995/06/29,Y,1534982400000,2018/08/23,06,CA,California,09,Region IX,09,Region IX,California,CA,06,N,0,0,0,0,Unknown,TRC,Medically Underserved Area,0,50.6,, ,0,0,0,0,0,R,Rural,0,0.960387756414775,5.0620171925538
22,219,00257,MUA,Medically Underserved Area,D,Designated,804384000000,1995/06/29,Riverside Service Area,804384000000,1995/06/29,N,1534982400000,2018/08/23,06,CA,California,09,Region IX,09,Region IX,California,CA,06,N,0,0,0,0,Unknown,TRC,Medically Underserved Area,0,48.8,, ,0,0,0,0,0,N,Non-Rural,0,0.00569543543588225,0.697780794008703
23,220,00264,MUP,Medically Underserved Population,D,Designated,804384000000,1995/06/29,Low Inc - Idyllwild/Pine Cove Service Area,804384000000,1995/06/29,Y,1534982400000,2018/08/23,06,CA,California,09,Region IX,09,Region IX,California,CA,06,N,0,0,0,0,Unknown,LI,MUP Low Income,0,50.9,, ,0,0,0,0,0,P,Partially Rural,0,0.210784575790058,2.90470341455125
24,221,00265,MUA,Medically Underserved Area,D,Designated,768614400000,1994/05/11,Canyon Lake/Perris/Sun City Service A,804384000000,1995/06/29,N,1534982400000,2018/08/23,06,CA,California,09,Region IX,09,Region IX,California,CA,06,N,0,0,0,0,Unknown,TRC,Medically Underserved Area,0,57.8,, ,0,0,0,0,0,N,Non-Rural,0,0.0270030994779518,1.93956345417835
25,222,00266,MUP,Medically Underserved Population,D,Designated,804384000000,1995/06/29,Low Inc - Blythe Service Area,804384000000,1995/06/29,Y,1534982400000,2018/08/23,06,CA,California,09,Region IX,09,Region IX,California,CA,06,N,0,0,0,0,Unknown,LI,MUP Low Income,0,57.8,, ,0,0,0,0,0,R,Rural,0,0.0420109228523415,1.12689604982448
26,223,00271,MUA,Medically Underserved Area,D,Designated,792547200000,1995/02/12,Needles Service Area,792547200000,1995/02/12,N,1534982400000,2018/08/23,06,CA,California,09,Region IX,09,Region IX,California,CA,06,N,0,0,0,0,Unknown,TRC,Medically Underserved Area,0,59.4,, ,0,0,0,0,0,R,Rural,0,0.727935554679334,4.23167438672048
27,224,00273,MUA,Medically Underserved Area,D,Designated,870393600000,1997/08/01,Encanto/Lincoln Acres/National Cty/Paradise Hills,870393600000,1997/08/01,Y,1534982400000,2018/08/23,06,CA,California,09,Region IX,09,Region IX,California,CA,06,N,0,0,0,0,Unknown,TRC,Medically Underserved Area,0,61.9,, ,0,0,0,0,0,N,Non-Rural,0,0.00298065658512314,0.798274059395561
28,225,00274,MUP,Medically Underserved Population,D,Designated,791596800000,1995/02/01,Low Inc - Alum Rock Service Area,791596800000,1995/02/01,N,1534982400000,2018/08/23,06,CA,California,09,Region IX,09,Region IX,California,CA,06,N,0,0,0,0,Unknown,LI,MUP Low Income,0,56.5,, ,0,0,0,0,0,N,Non-Rural,0,0.0022584211155845,0.509039626279712
29,226,00276,MUP,Medically Underserved Population,D,Designated,791596800000,1995/02/01,Low Inc - Central San Jose Service Area,791596800000,1995/02/01,N,1534982400000,2018/08/23,06,CA,California,09,Region IX,09,Region IX,California,CA,06,N,0,0,0,0,Unknown,LI,MUP Low Income,0,54.2,, ,0,0,0,0,0,N,Non-Rural,0,0.00272855741286548,0.387458395678682
30,227,00277,MUP,Medically Underserved Population,D,Designated,792547200000,1995/02/12,Low Inc - Felton/West Santa Cruz Service Area,792547200000,1995/02/12,N,1534982400000,2018/08/23,06,CA,California,09,Region IX,09,Region IX,California,CA,06,N,0,0,0,0,Unknown,LI,MUP Low Income,0,46.7,, ,0,0,0,0,0,N,Non-Rural,0,0.0731838194187731,1.6542234317678
31,228,00278,MUA,Medically Underserved Area,D,Designated,784771200000,1994/11/14,Central Shasta Service Area,784771200000,1994/11/14,N,1534982400000,2018/08/23,06,CA,California,09,Region IX,09,Region IX,California,CA,06,N,0,0,0,0,Unknown,TRC,Medically Underserved Area,0,61.1,, ,0,0,0,0,0,R,Rural,0,0.255324075964381,3.06881490563296
32,229,00279,MUA,Medically Underserved Area,D,Designated,801878400000,1995/05/31,East Sierra Service Area,801878400000,1995/05/31,N,1534982400000,2018/08/23,06,CA,California,09,Region IX,09,Region IX,California,CA,06,N,0,0,0,0,Unknown,TRC,Medically Underserved Area,0,61.6,, ,0,0,0,0,0,R,Rural,0,0.1404664085685,2.25434244954391
33,230,00280,MUP,Medically Underserved Population,D,Designated,802396800000,1995/06/06,Low Inc - Petaluma Service Area,802396800000,1995/06/06,N,1534982400000,2018/08/23,06,CA,California,09,Region IX,09,Region IX,California,CA,06,N,0,0,0,0,Unknown,LI,MUP Low Income,0,54.6,, ,0,0,0,0,0,P,Partially Rural,0,0.0450775656440783,2.0735891590219
34,231,00282,MUP,Medically Underserved Population,D,Designated,803001600000,1995/06/13,Low Inc - Russian River/Coastal Service Area,803001600000,1995/06/13,N,1534982400000,2018/08/23,06,CA,California,09,Region IX,09,Region IX,California,CA,06,N,0,0,0,0,Unknown,LI,MUP Low Income,0,57.8,, ,0,0,0,0,0,P,Partially Rural,0,0.160542818474369,3.29525279421128
35,232,00283,MUP,Medically Underserved Population,D,Designated,773539200000,1994/07/07,Low Inc - Sonoma Valley Service Area,773539200000,1994/07/07,N,1534982400000,2018/08/23,06,CA,California,09,Region IX,09,Region IX,California,CA,06,N,0,0,0,0,Unknown,LI,MUP Low Income,0,45.9,, ,0,0,0,0,0,R,Rural,0,0.0415128405725227,1.79556383916351
36,233,00284,MUP,Medically Underserved Population,D,Designated,784771200000,1994/11/14,Low Inc - Healdsburg/Geyersville Service Area,784771200000,1994/11/14,N,1534982400000,2018/08/23,06,CA,California,09,Region IX,09,Region IX,California,CA,06,N,0,0,0,0,Unknown,LI,MUP Low Income,0,51.3,, ,0,0,0,0,0,N,Non-Rural,0,0.036514609409096,1.72031517183927
37,234,00287,MUP,Medically Underserved Population,D,Designated,887155200000,1998/02/11,Low Inc & MFW - Visalia (MSSA 233),887155200000,1998/02/11,N,1534982400000,2018/08/23,06,CA,California,09,Region IX,09,Region IX,California,CA,06,N,0,0,0,0,Unknown,LI,MUP Low Income,0,61.5,, ,0,0,0,0,0,N,Non-Rural,0,0.03070491793369,1.41214409009021
38,235,00293,MUP,Medically Underserved Population,D,Designated,792547200000,1995/02/12,Low Inc - Marysville Service Area,792547200000,1995/02/12,N,1534982400000,2018/08/23,06,CA,California,09,Region IX,09,Region IX,California,CA,06,N,0,0,0,0,Unknown,LI,MUP Low Income,0,53.2,, ,0,0,0,0,0,P,Partially Rural,0,0.102385052962291,2.00825036574705
39,236,00294,MUA,Medically Underserved Area,D,Designated,751766400000,1993/10/28,Central Santa Ana Service Area,759974400000,1994/01/31,N,1534982400000,2018/08/23,06,CA,California,09,Region IX,09,Region IX,California,CA,06,N,0,0,0,0,Unknown,TRC,Medically Underserved Area,0,58.6,, ,0,0,0,0,0,N,Non-Rural,0,0.00157991242394928,0.191264668351196
40,237,00295,MUA,Medically Underserved Area,D,Designated,748396800000,1993/09/19,North Coastal Service Area,759974400000,1994/01/31,N,1534982400000,2018/08/23,06,CA,California,09,Region IX,09,Region IX,California,CA,06,N,0,0,0,0,Unknown,TRC,Medically Underserved Area,0,58.3,, ,0,0,0,0,0,R,Rural,0,0.0709654075362778,1.66228808752579
41,238,00296,MUA,Medically Underserved Area,D,Designated,745718400000,1993/08/19,McKinleyville Service Area,759974400000,1994/01/31,N,1534982400000,2018/08/23,06,CA,California,09,Region IX,09,Region IX,California,CA,06,N,0,0,0,0,Unknown,TRC,Medically Underserved Area,0,60.9,, ,0,0,0,0,0,R,Rural,0,0.120525340654694,4.29723453780188
42,239,00297,MUA,Medically Underserved Area,D,Designated,745718400000,1993/08/19,Arcata Service Area,759974400000,1994/01/31,N,1534982400000,2018/08/23,06,CA,California,09,Region IX,09,Region IX,California,CA,06,N,0,0,0,0,Unknown,TRC,Medically Underserved Area,0,59.8,, ,0,0,0,0,0,R,Rural,0,0.0765459809467757,2.11066768081473
43,240,00298,MUA,Medically Underserved Area,D,Designated,745718400000,1993/08/19,Ferndale Service Area,759974400000,1994/01/31,N,1534982400000,2018/08/23,06,CA,California,09,Region IX,09,Region IX,California,CA,06,N,0,0,0,0,Unknown,TRC,Medically Underserved Area,0,62,, ,0,0,0,0,0,R,Rural,0,0.108790332833451,2.00459121576858
44,241,00300,MUA,Medically Underserved Area,D,Designated,745459200000,1993/08/16,Seaside/Marina/Sand City Service Area,759974400000,1994/01/31,N,1534982400000,2018/08/23,06,CA,California,09,Region IX,09,Region IX,California,CA,06,N,0,0,0,0,Unknown,TRC,Medically Underserved Area,0,59.8,, ,0,0,0,0,0,N,Non-Rural,0,0.118461979473977,3.7423157017761
45,242,00301,MUA,Medically Underserved Area,D,Designated,724982400000,1992/12/22,Guadalupe Service Area,760060800000,1994/02/01,N,1534982400000,2018/08/23,06,CA,California,09,Region IX,09,Region IX,California,CA,06,N,0,0,0,0,Unknown,TRC,Medically Underserved Area,0,61.1,, ,0,0,0,0,0,N,Non-Rural,0,0.0164773554583917,0.675441885647797
46,243,00302,MUA,Medically Underserved Area,D,Designated,724982400000,1992/12/22,Marin City Housing Project,760060800000,1994/02/01,N,1534982400000,2018/08/23,06,CA,California,09,Region IX,09,Region IX,California,CA,06,N,0,0,0,0,Unknown,TRC,Medically Underserved Area,0,56.8,, ,0,0,0,0,0,N,Non-Rural,0,0.000138233523102826,0.0545113225160776
47,244,00303,MUA,Medically Underserved Area,D,Designated,723686400000,1992/12/07,MSSA 186/Anderson/Cottonwood,1000339200000,2001/09/13,N,1534982400000,2018/08/23,06,CA,California,09,Region IX,09,Region IX,California,CA,06,N,0,0,0,0,Unknown,TRC,Medically Underserved Area,0,61.5,, ,0,0,0,0,0,N,Non-Rural,0,0.0186472298228182,1.08406836164989
48,245,00304,MUA,Medically Underserved Area,D,Designated,740880000000,1993/06/24,West Imperial Service Area,760060800000,1994/02/01,Y,1534982400000,2018/08/23,06,CA,California,09,Region IX,09,Region IX,California,CA,06,N,0,0,0,0,Unknown,TRC,Medically Underserved Area,0,46,, ,0,0,0,0,0,P,Partially Rural,0,0.278416299914397,2.68334537987867
49,246,00305,MUA,Medically Underserved Area,D,Designated,740361600000,1993/06/18,San Joaquin-Tranquility Service Area,760060800000,1994/02/01,N,1534982400000,2018/08/23,06,CA,California,09,Region IX,09,Region IX,California,CA,06,N,0,0,0,0,Unknown,TRC,Medically Underserved Area,0,60.9,, ,0,0,0,0,0,R,Rural,0,0.0826292117726553,1.2766104912512
50,247,00306,MUP,Medically Underserved Population,D,Designated,714614400000,1992/08/24,Low Income - MSSA 78.2ddd/Bell SW/Cudahy/Maywood/V,1302480000000,2011/04/11,N,1534982400000,2018/08/23,06,CA,California,09,Region IX,09,Region IX,California,CA,06,N,0,0,39588,0,Unknown,LI,MUP Low Income,54588,58.6,, ,0,0,0,0,0,N,Non-Rural,0,0.00228935458994783,0.307870908602949
51,248,00307,MUA,Medically Underserved Area,D,Designated,1025136000000,2002/06/27,Lake Head/Shasta Lake City,1025136000000,2002/06/27,N,1534982400000,2018/08/23,06,CA,California,09,Region IX,09,Region IX,California,CA,06,Y,6.4,0,12286,0,Unknown,TRC,Medically Underserved Area,20286,58.8,, ,15.2,0,23.2,0,0,P,Partially Rural,0.2,0.163381271041089,3.00643109901743
52,249,00309,MUA,Medically Underserved Area,D,Designated,704073600000,1992/04/24,Hispanic Population,760233600000,1994/02/03,N,1534982400000,2018/08/23,06,CA,California,09,Region IX,09,Region IX,California,CA,06,N,0,0,0,0,Unknown,TRC,Medically Underserved Area,0,57.4,, ,0,0,0,0,0,P,Partially Rural,0,0.362729443188528,3.70663622635772
53,250,00311,MUP,Medically Underserved Population,D,Designated,773539200000,1994/07/07,Low Inc - McFarland-Delano Service Area,773971200000,1994/07/12,N,1534982400000,2018/08/23,06,CA,California,09,Region IX,09,Region IX,California,CA,06,N,0,0,0,0,Unknown,LI,MUP Low Income,0,51.6,, ,0,0,0,0,0,N,Non-Rural,0,0.0578452189101881,1.09729609774791
54,251,00312,MUA,Medically Underserved Area,D,Designated,700704000000,1992/03/16,Mid-City West Service Area,760233600000,1994/02/03,Y,1534982400000,2018/08/23,06,CA,California,09,Region IX,09,Region IX,California,CA,06,N,0,0,0,0,Unknown,TRC,Medically Underserved Area,0,58.5,, ,0,0,0,0,0,N,Non-Rural,0,0.00152088738786915,0.36211335211075
55,252,00313,MUA,Medically Underserved Area,D,Designated,700704000000,1992/03/16,Mid-City East Service Area,760233600000,1994/02/03,Y,1534982400000,2018/08/23,06,CA,California,09,Region IX,09,Region IX,California,CA,06,N,0,0,0,0,Unknown,TRC,Medically Underserved Area,0,58.5,, ,0,0,0,0,0,N,Non-Rural,0,0.00160530484345145,0.28344558986631
56,253,00314,MUA,Medically Underserved Area,D,Designated,688953600000,1991/11/01,Monterey Service Area,767836800000,1994/05/02,N,1534982400000,2018/08/23,06,CA,California,09,Region IX,09,Region IX,California,CA,06,N,0,0,0,0,Unknown,TRC,Medically Underserved Area,0,48.6,, ,0,0,0,0,0,N,Non-Rural,0,0.181712132864959,5.83998903428703
57,254,00315,MUA,Medically Underserved Area,D,Designated,768700800000,1994/05/12,Bakersfield East/Lakeview/La Loma Service Area,773971200000,1994/07/12,N,1534982400000,2018/08/23,06,CA,California,09,Region IX,09,Region IX,California,CA,06,N,0,0,0,0,Unknown,TRC,Medically Underserved Area,0,56.8,, ,0,0,0,0,0,N,Non-Rural,0,0.0124947146618979,0.636474913148234
58,255,00316,MUP,Medically Underserved Population,D,Designated,770601600000,1994/06/03,Low Inc - Ridgecrest Service Area,773971200000,1994/07/12,N,1534982400000,2018/08/23,06,CA,California,09,Region IX,09,Region IX,California,CA,06,N,0,0,0,0,Unknown,LI,MUP Low Income,0,46.2,, ,0,0,0,0,0,R,Rural,0,0.453324014907139,3.63740229281981
59,256,00319,MUP,Medically Underserved Population,D,Designated,769910400000,1994/05/26,Low Inc & MFW - Dana Point Service Area,774057600000,1994/07/13,N,1534982400000,2018/08/23,06,CA,California,09,Region IX,09,Region IX,California,CA,06,N,0,0,0,0,Unknown,LI,MUP Low Income,0,47.3,, ,0,0,0,0,0,N,Non-Rural,0,0.0414211124107169,1.80120420203192
60,257,00320,MUA,Medically Underserved Area,D,Designated,766108800000,1994/04/12,Butte Valley (MSSA 200),774057600000,1994/07/13,N,1534982400000,2018/08/23,06,CA,California,09,Region IX,09,Region IX,California,CA,06,N,0,0,0,0,Unknown,TRC,Medically Underserved Area,0,52,, ,0,0,0,0,0,R,Rural,0,0.148874702994362,2.08151604656128
61,258,00321,MUA,Medically Underserved Area,D,Designated,766108800000,1994/04/12,MSSA 195/Hornbrook-Hilt,774057600000,1994/07/13,N,1534982400000,2018/08/23,06,CA,California,09,Region IX,09,Region IX,California,CA,06,N,0,0,0,0,Unknown,TRC,Medically Underserved Area,0,55,, ,0,0,0,0,0,R,Rural,0,0.0581998754164488,1.34660844780604
62,259,00322,MUA,Medically Underserved Area,D,Designated,766108800000,1994/04/12,Etna/Fort Jones (MSSA 194),774057600000,1994/07/13,N,1534982400000,2018/08/23,06,CA,California,09,Region IX,09,Region IX,California,CA,06,N,0,0,0,0,Unknown,TRC,Medically Underserved Area,0,61.7,, ,0,0,0,0,0,R,Rural,0,0.405478203152597,4.08844980172601
63,260,00323,MUA,Medically Underserved Area,D,Designated,766108800000,1994/04/12,Dunsmuir (MSSA 198),774057600000,1994/07/13,N,1534982400000,2018/08/23,06,CA,California,09,Region IX,09,Region IX,California,CA,06,N,0,0,0,0,Unknown,TRC,Medically Underserved Area,0,62,, ,0,0,0,0,0,R,Rural,0,0.0251818153678869,0.969385043312686
64,261,00324,MUA,Medically Underserved Area,D,Designated,766108800000,1994/04/12,McCloud-Medicine (MSSA 199),774057600000,1994/07/13,N,1534982400000,2018/08/23,06,CA,California,09,Region IX,09,Region IX,California,CA,06,N,0,0,0,0,Unknown,TRC,Medically Underserved Area,0,50.7,, ,0,0,0,0,0,R,Rural,0,0.344526468515596,2.92960497144105
65,262,00325,MUP,Medically Underserved Population,D,Designated,769219200000,1994/05/18,Low Inc - Cloverdale Service Area,774057600000,1994/07/13,N,1534982400000,2018/08/23,06,CA,California,09,Region IX,09,Region IX,California,CA,06,N,0,0,0,0,Unknown,LI,MUP Low Income,0,48.8,, ,0,0,0,0,0,N,Non-Rural,0,0.0825421021163493,1.82088022952386
66,263,00326,MUA,Medically Underserved Area,D,Designated,385776000000,1982/03/24,Alameda Service Area,767836800000,1994/05/02,N,1534982400000,2018/08/23,06,CA,California,09,Region IX,09,Region IX,California,CA,06,N,0,0,0,0,Unknown,TRC,Medically Underserved Area,0,54.1,, ,0,0,0,0,0,N,Non-Rural,0,0.00283757888473701,0.29069319652754
67,264,00327,MUA,Medically Underserved Area,D,Designated,385776000000,1982/03/24,Alameda Service Area,767836800000,1994/05/02,N,1534982400000,2018/08/23,06,CA,California,09,Region IX,09,Region IX,California,CA,06,N,0,0,0,0,Unknown,TRC,Medically Underserved Area,0,58.3,, ,0,0,0,0,0,N,Non-Rural,0,0.00219002943367741,0.366066799780907
68,265,00328,MUA,Medically Underserved Area,D,Designated,385776000000,1982/03/24,Alameda Service Area,767836800000,1994/05/02,N,1534982400000,2018/08/23,06,CA,California,09,Region IX,09,Region IX,California,CA,06,N,0,0,0,0,Unknown,TRC,Medically Underserved Area,0,52.3,, ,0,0,0,0,0,N,Non-Rural,0,0.0193736466376322,1.54865615236605
69,266,00329,MUA,Medically Underserved Area,D,Designated,385776000000,1982/03/24,Alameda Service Area,767836800000,1994/05/02,N,1534982400000,2018/08/23,06,CA,California,09,Region IX,09,Region IX,California,CA,06,N,0,0,0,0,Unknown,TRC,Medically Underserved Area,0,60.7,, ,0,0,0,0,0,N,Non-Rural,0,0.00427040403747014,0.53469519741178
70,267,00330,MUA,Medically Underserved Area,D,Designated,385776000000,1982/03/24,Conta Costa Service Area,767836800000,1994/05/02,N,1534982400000,2018/08/23,06,CA,California,09,Region IX,09,Region IX,California,CA,06,N,0,0,0,0,Unknown,TRC,Medically Underserved Area,0,56.7,, ,0,0,0,0,0,N,Non-Rural,0,0.013430079733098,1.05816980686953
71,268,00331,MUA,Medically Underserved Area,D,Designated,512006400000,1986/03/24,Lone Pine/ Independence Service Area,767836800000,1994/05/02,N,1534982400000,2018/08/23,06,CA,California,09,Region IX,09,Region IX,California,CA,06,N,0,0,0,0,Unknown,TRC,Medically Underserved Area,0,57.7,, ,0,0,0,0,0,R,Rural,0,2.47103550911288,8.27176599105544
72,269,00332,MUA,Medically Underserved Area,D,Designated,773971200000,1994/07/12,Kern Service Area,773971200000,1994/07/12,N,1534982400000,2018/08/23,06,CA,California,09,Region IX,09,Region IX,California,CA,06,N,0,0,0,0,Unknown,TRC,Medically Underserved Area,0,60.13,, ,0,0,0,0,0,P,Partially Rural,0,0.0406101517232855,1.4412302438135
73,270,00333,MUA,Medically Underserved Area,D,Designated,443750400000,1984/01/24,Honey Lake Service Area,767836800000,1994/05/02,N,1534982400000,2018/08/23,06,CA,California,09,Region IX,09,Region IX,California,CA,06,N,0,0,0,0,Unknown,TRC,Medically Underserved Area,0,60.6,, ,0,0,0,0,0,R,Rural,0,0.164203337607432,2.65787503690092
74,271,00335,MUA,Medically Underserved Area,D,Designated,1063065600000,2003/09/09,Exposition/ Leimert Park( M S S A 78.2l),1063065600000,2003/09/09,N,1534982400000,2018/08/23,06,CA,California,09,Region IX,09,Region IX,California,CA,06,N,0,0,0,0,Unknown,TRC,Medically Underserved Area,0,53.6,, ,0,0,0,0,0,N,Non-Rural,0,0.00123538751677188,0.2557517413542
75,272,00337,MUA,Medically Underserved Area,D,Designated,387417600000,1982/04/12,Watts/ Willowbrook( M S S A 78.2aaa),1063065600000,2003/09/09,N,1534982400000,2018/08/23,06,CA,California,09,Region IX,09,Region IX,California,CA,06,N,0,0,0,0,Unknown,TRC,Medically Underserved Area,0,51.1,, ,0,0,0,0,0,N,Non-Rural,0,0.00126253154053302,0.277289261940548
76,273,00340,MUA,Medically Underserved Area,D,Designated,387417600000,1982/04/12,Los Angeles Service Area,767836800000,1994/05/02,N,1534982400000,2018/08/23,06,CA,California,09,Region IX,09,Region IX,California,CA,06,N,0,0,0,0,Unknown,TRC,Medically Underserved Area,0,57.3,, ,0,0,0,0,0,N,Non-Rural,0,0.00309366527130805,0.384214014049325
77,274,00341,MUA,Medically Underserved Area,D,Designated,446774400000,1984/02/28,Planada Le Grande Service Area,767836800000,1994/05/02,N,1534982400000,2018/08/23,06,CA,California,09,Region IX,09,Region IX,California,CA,06,N,0,0,0,0,Unknown,TRC,Medically Underserved Area,0,55.3,, ,0,0,0,0,0,P,Partially Rural,0,0.0565826104075313,1.204439251979
78,275,00342,MUA,Medically Underserved Area,D,Designated,383184000000,1982/02/22,Monterey Service Area,767836800000,1994/05/02,N,1534982400000,2018/08/23,06,CA,California,09,Region IX,09,Region IX,California,CA,06,N,0,0,0,0,Unknown,TRC,Medically Underserved Area,0,60.9,, ,0,0,0,0,0,P,Partially Rural,0,0.603034941910209,6.13470810632415
79,276,00343,MUP,Medically Underserved Population,D,Designated,767836800000,1994/05/02,Low Inc - Coachella City/Indio Service Area,804384000000,1995/06/29,N,1534982400000,2018/08/23,06,CA,California,09,Region IX,09,Region IX,California,CA,06,N,0,0,0,0,Unknown,LI,MUP Low Income,0,61.9,, ,0,0,0,0,0,N,Non-Rural,0,0.00368400799061419,0.474570681299405
80,277,00344,MUA,Medically Underserved Area,D,Designated,384134400000,1982/03/05,San Bernadino Service Area,767836800000,1994/05/02,N,1534982400000,2018/08/23,06,CA,California,09,Region IX,09,Region IX,California,CA,06,N,0,0,0,0,Unknown,TRC,Medically Underserved Area,0,59.3,, ,0,0,0,0,0,N,Non-Rural,0,0.00831744624292696,0.747994311956407
81,278,00345,MUA,Medically Underserved Area,D,Designated,383961600000,1982/03/03,San Diego Service Area,767836800000,1994/05/02,Y,1534982400000,2018/08/23,06,CA,California,09,Region IX,09,Region IX,California,CA,06,N,0,0,0,0,Unknown,TRC,Medically Underserved Area,0,50.5,, ,0,0,0,0,0,N,Non-Rural,0,0.0019229071413065,0.473228346244045
82,279,00346,MUA,Medically Underserved Area,D,Designated,381110400000,1982/01/29,San Diego Service Area,771120000000,1994/06/09,Y,1534982400000,2018/08/23,06,CA,California,09,Region IX,09,Region IX,California,CA,06,N,0,0,0,0,Unknown,TRC,Medically Underserved Area,0,52.6,, ,0,0,0,0,0,N,Non-Rural,0,0.00524607840452518,0.761472947021184
83,280,00347,MUA,Medically Underserved Area,D,Designated,383961600000,1982/03/03,San Diego Service Area,768009600000,1994/05/04,Y,1534982400000,2018/08/23,06,CA,California,09,Region IX,09,Region IX,California,CA,06,N,0,0,0,0,Unknown,TRC,Medically Underserved Area,0,55.8,, ,0,0,0,0,0,N,Non-Rural,0,0.0656904794980164,2.50869380072217
84,281,00348,MUA,Medically Underserved Area,D,Designated,383961600000,1982/03/03,San Diego Service Area,767836800000,1994/05/02,Y,1534982400000,2018/08/23,06,CA,California,09,Region IX,09,Region IX,California,CA,06,N,0,0,0,0,Unknown,TRC,Medically Underserved Area,0,52.5,, ,0,0,0,0,0,P,Partially Rural,0,0.190553066044913,4.96397997759436
85,282,00349,MUA,Medically Underserved Area,D,Designated,383961600000,1982/03/03,San Diego Service Area,768009600000,1994/05/04,Y,1534982400000,2018/08/23,06,CA,California,09,Region IX,09,Region IX,California,CA,06,N,0,0,0,0,Unknown,TRC,Medically Underserved Area,0,42,, ,0,0,0,0,0,N,Non-Rural,0,0.00505109987648211,0.638334730898345
86,283,00350,MUA,Medically Underserved Area,D,Designated,383961600000,1982/03/03,San Diego Service Area,767923200000,1994/05/03,Y,1534982400000,2018/08/23,06,CA,California,09,Region IX,09,Region IX,California,CA,06,N,0,0,0,0,Unknown,TRC,Medically Underserved Area,0,41.8,, ,0,0,0,0,0,R,Rural,0,0.26657083316627,3.08728755228575
87,284,00351,MUA,Medically Underserved Area,D,Designated,388195200000,1982/04/21,San Francisco Service Area,767836800000,1994/05/02,N,1534982400000,2018/08/23,06,CA,California,09,Region IX,09,Region IX,California,CA,06,N,0,0,0,0,Unknown,TRC,Medically Underserved Area,0,54.8,, ,0,0,0,0,0,N,Non-Rural,0,0.000445032784682553,0.117710387416198
88,285,00352,MUA,Medically Underserved Area,D,Designated,767836800000,1994/05/02,San Francisco Service Area,767836800000,1994/05/02,N,1534982400000,2018/08/23,06,CA,California,09,Region IX,09,Region IX,California,CA,06,N,0,0,0,0,Unknown,TRC,Medically Underserved Area,0,56.7,, ,0,0,0,0,0,N,Non-Rural,0,0.0141799467482997,0.867350501916627
89,286,00353,MUA,Medically Underserved Area,D,Designated,767836800000,1994/05/02,San Francisco Service Area,767836800000,1994/05/02,N,1534982400000,2018/08/23,06,CA,California,09,Region IX,09,Region IX,California,CA,06,N,0,0,0,0,Unknown,TRC,Medically Underserved Area,0,55.8,, ,0,0,0,0,0,N,Non-Rural,0,0.000648673767955188,0.271783049551429
90,287,00354,MUA,Medically Underserved Area,D,Designated,385516800000,1982/03/21,San Mateo Service Area,767836800000,1994/05/02,N,1534982400000,2018/08/23,06,CA,California,09,Region IX,09,Region IX,California,CA,06,N,0,0,0,0,Unknown,TRC,Medically Underserved Area,0,58.8,, ,0,0,0,0,0,N,Non-Rural,0,0.0715161607258779,2.77611206557758
91,288,00355,MUA,Medically Underserved Area,D,Designated,387763200000,1982/04/16,Santa Clara Service Area,771120000000,1994/06/09,N,1534982400000,2018/08/23,06,CA,California,09,Region IX,09,Region IX,California,CA,06,N,0,0,0,0,Unknown,TRC,Medically Underserved Area,0,61.9,, ,0,0,0,0,0,N,Non-Rural,0,0.0106050670633522,0.999041786228422
92,289,00356,MUA,Medically Underserved Area,D,Designated,619920000000,1989/08/24,Solano Service Area,767836800000,1994/05/02,N,1534982400000,2018/08/23,06,CA,California,09,Region IX,09,Region IX,California,CA,06,N,0,0,0,0,Unknown,TRC,Medically Underserved Area,0,59.9,, ,0,0,0,0,0,N,Non-Rural,0,0.0256335592330288,1.05226675385186
93,290,00357,MUA,Medically Underserved Area,D,Designated,572745600000,1988/02/25,Tulare Service Area,767836800000,1994/05/02,N,1534982400000,2018/08/23,06,CA,California,09,Region IX,09,Region IX,California,CA,06,N,0,0,0,0,Unknown,TRC,Medically Underserved Area,0,56.2,, ,0,0,0,0,0,P,Partially Rural,0,0.688314536696453,6.09429551692479
94,291,00359,MUA,Medically Underserved Area,D,Designated,768009600000,1994/05/04,Alameda Service Area,768009600000,1994/05/04,N,1534982400000,2018/08/23,06,CA,California,09,Region IX,09,Region IX,California,CA,06,N,0,0,0,0,Unknown,TRC,Medically Underserved Area,0,58.6,, ,0,0,0,0,0,N,Non-Rural,0,0.000926891663311835,0.184859419618764
95,292,00360,MUA,Medically Underserved Area,D,Designated,773971200000,1994/07/12,Kern Service Area,773971200000,1994/07/12,N,1534982400000,2018/08/23,06,CA,California,09,Region IX,09,Region IX,California,CA,06,N,0,0,0,0,Unknown,TRC,Medically Underserved Area,0,55.53,, ,0,0,0,0,0,P,Partially Rural,0,0.663387730282466,5.47660011960901
96,293,00361,MUA,Medically Underserved Area,D,Designated,768009600000,1994/05/04,Sacramento Service Area,768009600000,1994/05/04,N,1534982400000,2018/08/23,06,CA,California,09,Region IX,09,Region IX,California,CA,06,N,0,0,0,0,Unknown,TRC,Medically Underserved Area,0,61.8,, ,0,0,0,0,0,N,Non-Rural,0,0.00413693530481396,0.335346972737645
97,294,00362,MUP,Medically Underserved Population,D,Designated,792720000000,1995/02/14,Low Inc - West Covina Service Area,792720000000,1995/02/14,N,1534982400000,2018/08/23,06,CA,California,09,Region IX,09,Region IX,California,CA,06,N,0,0,0,0,Unknown,LI,MUP Low Income,0,54.1,, ,0,0,0,0,0,N,Non-Rural,0,0.00221450814569835,0.491199013646973
98,295,00363,MUA,Medically Underserved Area,D,Designated,768614400000,1994/05/11,MSSA 78.2i/El Sereno/Highland Park/Lincoln Heights,1250640000000,2009/08/19,N,1534982400000,2018/08/23,06,CA,California,09,Region IX,09,Region IX,California,CA,06,N,0,0,75647,0,Unknown,TRC,Medically Underserved Area,129447,60.9,, ,0,0,0,0,0,N,Non-Rural,0,0.00297672948499894,0.320614174218317
99,296,00364,MUA,Medically Underserved Area,D,Designated,768614400000,1994/05/11,Calexico Service Area,768614400000,1994/05/11,Y,1534982400000,2018/08/23,06,CA,California,09,Region IX,09,Region IX,California,CA,06,N,0,0,0,0,Unknown,TRC,Medically Underserved Area,0,51.03,, ,0,0,0,0,0,P,Partially Rural,0,0.711722627941981,5.61492029207155
100,297,00365,MUA,Medically Underserved Area,D,Designated,768614400000,1994/05/11,Solano Service Area,768614400000,1994/05/11,N,1534982400000,2018/08/23,06,CA,California,09,Region IX,09,Region IX,California,CA,06,N,0,0,0,0,Unknown,TRC,Medically Underserved Area,0,59.3,, ,0,0,0,0,0,N,Non-Rural,0,9.97506735984643e-05,0.0428907977761473
101,298,00366,MUA,Medically Underserved Area,D,Designated,768614400000,1994/05/11,Tulare Service Area,768614400000,1994/05/11,N,1534982400000,2018/08/23,06,CA,California,09,Region IX,09,Region IX,California,CA,06,N,0,0,0,0,Unknown,TRC,Medically Underserved Area,0,59.8,, ,0,0,0,0,0,P,Partially Rural,0,0.0620299082247584,1.32954269828615
102,299,00367,MUA,Medically Underserved Area,D,Designated,768614400000,1994/05/11,Ventura Service Area,768614400000,1994/05/11,N,1534982400000,2018/08/23,06,CA,California,09,Region IX,09,Region IX,California,CA,06,N,0,0,0,0,Unknown,TRC,Medically Underserved Area,0,61,, ,0,0,0,0,0,N,Non-Rural,0,0.000506910156445883,0.152564802558952
103,300,00368,MUP,Medically Underserved Population,D,Designated,776649600000,1994/08/12,Med Elig - Mcfarlane/ Roosevelt S. A.,776649600000,1994/08/12,N,1534982400000,2018/08/23,06,CA,California,09,Region IX,09,Region IX,California,CA,06,N,0,0,0,0,Unknown,LI,MUP Low Income,0,59,, ,0,0,0,0,0,N,Non-Rural,0,0.00674949659560298,0.76280905919037
104,301,00369,MUA,Medically Underserved Area,D,Designated,768614400000,1994/05/11,Fresno Service Area,768614400000,1994/05/11,N,1534982400000,2018/08/23,06,CA,California,09,Region IX,09,Region IX,California,CA,06,N,0,0,0,0,Unknown,TRC,Medically Underserved Area,0,59.7,, ,0,0,0,0,0,P,Partially Rural,0,0.00721447336809433,0.485300887206116
105,302,00370,MUA,Medically Underserved Area,D,Designated,768614400000,1994/05/11,San Diego Service Area,768614400000,1994/05/11,Y,1534982400000,2018/08/23,06,CA,California,09,Region IX,09,Region IX,California,CA,06,N,0,0,0,0,Unknown,TRC,Medically Underserved Area,0,60.3,, ,0,0,0,0,0,N,Non-Rural,0,0.000938673376140287,0.165345656854994
106,303,00371,MUA,Medically Underserved Area,D,Designated,768614400000,1994/05/11,San Diego Service Area,768614400000,1994/05/11,Y,1534982400000,2018/08/23,06,CA,California,09,Region IX,09,Region IX,California,CA,06,N,0,0,0,0,Unknown,TRC,Medically Underserved Area,0,59.8,, ,0,0,0,0,0,N,Non-Rural,0,0.063783309643668,2.33869901247364
107,304,00372,MUA,Medically Underserved Area,D,Designated,768614400000,1994/05/11,Sacramento Service Area,768614400000,1994/05/11,N,1534982400000,2018/08/23,06,CA,California,09,Region IX,09,Region IX,California,CA,06,N,0,0,0,0,Unknown,TRC,Medically Underserved Area,0,58.4,, ,0,0,0,0,0,N,Non-Rural,0,0.000429017910391849,0.124689729191794
108,305,00373,MUA,Medically Underserved Area,D,Designated,768614400000,1994/05/11,San Bernadino Service Area,768614400000,1994/05/11,N,1534982400000,2018/08/23,06,CA,California,09,Region IX,09,Region IX,California,CA,06,N,0,0,0,0,Unknown,TRC,Medically Underserved Area,0,48,, ,0,0,0,0,0,P,Partially Rural,0,0.00313861050176456,0.334829671738009
109,306,00374,MUA,Medically Underserved Area,D,Designated,768614400000,1994/05/11,San Bernadino Service Area,768614400000,1994/05/11,N,1534982400000,2018/08/23,06,CA,California,09,Region IX,09,Region IX,California,CA,06,N,0,0,0,0,Unknown,TRC,Medically Underserved Area,0,55.75,, ,0,0,0,0,0,N,Non-Rural,0,0.072656084359096,1.81780680145269
110,307,00375,MUA,Medically Underserved Area,D,Designated,768614400000,1994/05/11,San Bernadino Service Area,768614400000,1994/05/11,N,1534982400000,2018/08/23,06,CA,California,09,Region IX,09,Region IX,California,CA,06,N,0,0,0,0,Unknown,TRC,Medically Underserved Area,0,49.2,, ,0,0,0,0,0,P,Partially Rural,0,0.225516820101348,3.03713486719033
111,308,00376,MUA,Medically Underserved Area,D,Designated,804384000000,1995/06/29,Eastside/ Riverside Dtn ( M S S A 135a),1078272000000,2004/03/03,N,1534982400000,2018/08/23,06,CA,California,09,Region IX,09,Region IX,California,CA,06,N,0,0,0,0,Unknown,TRC,Medically Underserved Area,0,57,, ,0,0,0,0,0,N,Non-Rural,0,0.00754488951179155,1.06406334410753
112,309,00377,MUP,Medically Underserved Population,D,Designated,768614400000,1994/05/11,Low Inc - Lake Elsinore/Murrieta Service Area,804384000000,1995/06/29,Y,1534982400000,2018/08/23,06,CA,California,09,Region IX,09,Region IX,California,CA,06,N,0,0,0,0,Unknown,LI,MUP Low Income,0,53,, ,0,0,0,0,0,N,Non-Rural,0,0.0935481407257157,3.17161593879887
113,310,00378,MUA,Medically Underserved Area,D,Designated,804384000000,1995/06/29,Hemet/San Jacinto Service Area,804384000000,1995/06/29,N,1534982400000,2018/08/23,06,CA,California,09,Region IX,09,Region IX,California,CA,06,N,0,0,0,0,Unknown,TRC,Medically Underserved Area,0,53.8,, ,0,0,0,0,0,N,Non-Rural,0,0.0221331173902399,1.41924517734666
114,311,00379,MUA,Medically Underserved Area,D,Designated,771120000000,1994/06/09,Banning/Beaumont Service Area,804384000000,1995/06/29,N,1534982400000,2018/08/23,06,CA,California,09,Region IX,09,Region IX,California,CA,06,N,0,0,0,0,Unknown,TRC,Medically Underserved Area,0,59.3,, ,0,0,0,0,0,N,Non-Rural,0,0.0613598113404805,1.84715092510527
115,312,00380,MUA,Medically Underserved Area,D,Designated,771120000000,1994/06/09,Riverside Service Area,771120000000,1994/06/09,N,1534982400000,2018/08/23,06,CA,California,09,Region IX,09,Region IX,California,CA,06,N,0,0,0,0,Unknown,TRC,Medically Underserved Area,0,58.25,, ,0,0,0,0,0,N,Non-Rural,0,0.0410439211136691,2.16444256871419
116,313,00383,MUA,Medically Underserved Area,D,Designated,768614400000,1994/05/11,Westlake Service Area,1005782400000,2001/11/15,N,1534982400000,2018/08/23,06,CA,California,09,Region IX,09,Region IX,California,CA,06,N,0,0,0,0,Unknown,TRC,Medically Underserved Area,0,60.1,, ,0,0,0,0,0,N,Non-Rural,0,0.000496191460342743,0.1756007204441
117,314,00384,MUA,Medically Underserved Area,D,Designated,773971200000,1994/07/12,Kern Service Area,773971200000,1994/07/12,N,1534982400000,2018/08/23,06,CA,California,09,Region IX,09,Region IX,California,CA,06,N,0,0,0,0,Unknown,TRC,Medically Underserved Area,0,60.8,, ,0,0,0,0,0,P,Partially Rural,0,0.452611702494323,4.27607375097555
118,315,00385,MUA,Medically Underserved Area,D,Designated,768614400000,1994/05/11,Yolo Service Area,768614400000,1994/05/11,N,1534982400000,2018/08/23,06,CA,California,09,Region IX,09,Region IX,California,CA,06,N,0,0,0,0,Unknown,TRC,Medically Underserved Area,0,53.2,, ,0,0,0,0,0,P,Partially Rural,0,0.183209496463405,3.28278261765568
119,316,00386,MUA,Medically Underserved Area,D,Designated,768614400000,1994/05/11,Alameda Service Area,768614400000,1994/05/11,N,1534982400000,2018/08/23,06,CA,California,09,Region IX,09,Region IX,California,CA,06,N,0,0,0,0,Unknown,TRC,Medically Underserved Area,0,61.6,, ,0,0,0,0,0,N,Non-Rural,0,7.2228969202115e-05,0.0355112376467438
120,317,00388,MUA,Medically Underserved Area,D,Designated,768614400000,1994/05/11,Los Angeles Service Area,768614400000,1994/05/11,N,1534982400000,2018/08/23,06,CA,California,09,Region IX,09,Region IX,California,CA,06,N,0,0,0,0,Unknown,TRC,Medically Underserved Area,0,60.5,, ,0,0,0,0,0,N,Non-Rural,0,0.020324218400674,0.951410739568904
121,318,00390,MUA,Medically Underserved Area,D,Designated,768614400000,1994/05/11,Los Angeles Service Area,768614400000,1994/05/11,N,1534982400000,2018/08/23,06,CA,California,09,Region IX,09,Region IX,California,CA,06,N,0,0,0,0,Unknown,TRC,Medically Underserved Area,0,58.8,, ,0,0,0,0,0,N,Non-Rural,0,0.000181385927362498,0.0562612146105253
122,319,00391,MUA,Medically Underserved Area,D,Designated,768614400000,1994/05/11,Monterey Service Area,768614400000,1994/05/11,N,1534982400000,2018/08/23,06,CA,California,09,Region IX,09,Region IX,California,CA,06,N,0,0,0,0,Unknown,TRC,Medically Underserved Area,0,61.7,, ,0,0,0,0,0,N,Non-Rural,0,9.34655381570337e-05,0.0455541148811134
123,320,00393,MUA,Medically Underserved Area,D,Designated,768614400000,1994/05/11,San Bernadino Service Area,768614400000,1994/05/11,N,1534982400000,2018/08/23,06,CA,California,09,Region IX,09,Region IX,California,CA,06,N,0,0,0,0,Unknown,TRC,Medically Underserved Area,0,51.9,, ,0,0,0,0,0,N,Non-Rural,0,0.000111899938247007,0.0424920516225532
124,321,00394,MUA,Medically Underserved Area,D,Designated,768614400000,1994/05/11,San Diego Service Area,768614400000,1994/05/11,Y,1534982400000,2018/08/23,06,CA,California,09,Region IX,09,Region IX,California,CA,06,N,0,0,0,0,Unknown,TRC,Medically Underserved Area,0,61.1,, ,0,0,0,0,0,N,Non-Rural,0,7.61990272621915e-05,0.0359227553436276
125,322,00395,MUA,Medically Underserved Area,D,Designated,768614400000,1994/05/11,Arroyo Grande Service Area,768614400000,1994/05/11,N,1534982400000,2018/08/23,06,CA,California,09,Region IX,09,Region IX,California,CA,06,N,0,0,0,0,Unknown,TRC,Medically Underserved Area,0,50.1,, ,0,0,0,0,0,N,Non-Rural,0,0.130930550622907,2.46988596662318
126,323,00396,MUA,Medically Underserved Area,D,Designated,768614400000,1994/05/11,West Sierra Service Area,768614400000,1994/05/11,N,1534982400000,2018/08/23,06,CA,California,09,Region IX,09,Region IX,California,CA,06,N,0,0,0,0,Unknown,TRC,Medically Underserved Area,0,57.6,, ,0,0,0,0,0,R,Rural,0,0.120782941599373,2.18713546872676
127,324,00397,MUA,Medically Underserved Area,D,Designated,768614400000,1994/05/11,Sonoma Service Area,768614400000,1994/05/11,N,1534982400000,2018/08/23,06,CA,California,09,Region IX,09,Region IX,California,CA,06,N,0,0,0,0,Unknown,TRC,Medically Underserved Area,0,50.2,, ,0,0,0,0,0,N,Non-Rural,0,0.000131215376313776,0.0569206423724396
128,325,00398,MUA,Medically Underserved Area,D,Designated,768614400000,1994/05/11,Stanislaus Service Area,768614400000,1994/05/11,N,1534982400000,2018/08/23,06,CA,California,09,Region IX,09,Region IX,California,CA,06,N,0,0,0,0,Unknown,TRC,Medically Underserved Area,0,61.1,, ,0,0,0,0,0,N,Non-Rural,0,0.000128190677969542,0.0555051178155332
129,326,00399,MUA,Medically Underserved Area,D,Designated,768614400000,1994/05/11,San Joaquin Service Area,768614400000,1994/05/11,N,1534982400000,2018/08/23,06,CA,California,09,Region IX,09,Region IX,California,CA,06,N,0,0,0,0,Unknown,TRC,Medically Underserved Area,0,54.6,, ,0,0,0,0,0,N,Non-Rural,0,0.000744456799566251,0.173432965346646
130,327,00400,MUA,Medically Underserved Area,D,Designated,768614400000,1994/05/11,San Bernadino Service Area,768614400000,1994/05/11,N,1534982400000,2018/08/23,06,CA,California,09,Region IX,09,Region IX,California,CA,06,N,0,0,0,0,Unknown,TRC,Medically Underserved Area,0,55.1,, ,0,0,0,0,0,N,Non-Rural,0,0.000409371791874946,0.106522900017924
131,328,00401,MUA,Medically Underserved Area,D,Designated,768614400000,1994/05/11,San Bernadino Service Area,768614400000,1994/05/11,N,1534982400000,2018/08/23,06,CA,California,09,Region IX,09,Region IX,California,CA,06,N,0,0,0,0,Unknown,TRC,Medically Underserved Area,0,57.8,, ,0,0,0,0,0,N,Non-Rural,0,0.000181305415253519,0.0755683186595854
132,329,00403,MUA,Medically Underserved Area,D,Designated,768614400000,1994/05/11,Los Angeles Service Area,768614400000,1994/05/11,N,1534982400000,2018/08/23,06,CA,California,09,Region IX,09,Region IX,California,CA,06,N,0,0,0,0,Unknown,TRC,Medically Underserved Area,0,57.6,, ,0,0,0,0,0,N,Non-Rural,0,0.0204433590479312,0.95966909870888
133,330,00404,MUA,Medically Underserved Area,D,Designated,768614400000,1994/05/11,Los Angeles Service Area,768614400000,1994/05/11,N,1534982400000,2018/08/23,06,CA,California,09,Region IX,09,Region IX,California,CA,06,N,0,0,0,0,Unknown,TRC,Medically Underserved Area,0,59.9,, ,0,0,0,0,0,N,Non-Rural,0,0.000631426136578739,0.125035630352513
134,331,00405,MUA,Medically Underserved Area,D,Designated,768614400000,1994/05/11,Los Angeles Service Area,768614400000,1994/05/11,N,1534982400000,2018/08/23,06,CA,California,09,Region IX,09,Region IX,California,CA,06,N,0,0,0,0,Unknown,TRC,Medically Underserved Area,0,58.2,, ,0,0,0,0,0,N,Non-Rural,0,4.08238797717786e-05,0.0284692750710979
135,332,00406,MUA,Medically Underserved Area,D,Designated,773971200000,1994/07/12,Kern Service Area,773971200000,1994/07/12,N,1534982400000,2018/08/23,06,CA,California,09,Region IX,09,Region IX,California,CA,06,N,0,0,0,0,Unknown,TRC,Medically Underserved Area,0,59.5,, ,0,0,0,0,0,N,Non-Rural,0,0.000313494083457044,0.121084850745998
136,333,00407,MUA,Medically Underserved Area,D,Designated,773971200000,1994/07/12,Kern Service Area,773971200000,1994/07/12,N,1534982400000,2018/08/23,06,CA,California,09,Region IX,09,Region IX,California,CA,06,N,0,0,0,0,Unknown,TRC,Medically Underserved Area,0,48.8,, ,0,0,0,0,0,N,Non-Rural,0,0.000357276861450373,0.095047990317783
137,2862,03830,MUA,Medically Underserved Area,D,Designated,278726400000,1978/11/01,MODOC SERVICE AREA,278726400000,1978/11/01,N,1534982400000,2018/08/23,06,CA,California,09,Region IX,09,Region IX,California,CA,06,N,0,0,0,0,Unknown,TRC,Medically Underserved Area,0,53.8,, ,0,0,0,0,0,R,Rural,0,1.1755985207069,4.53935562377769
138,2956,04010,MUA,Medically Underserved Area,D,Designated,768614400000,1994/05/11,San Bernardino Service Area,768614400000,1994/05/11,N,1534982400000,2018/08/23,06,CA,California,09,Region IX,09,Region IX,California,CA,06,N,0,0,0,0,Unknown,TRC,Medically Underserved Area,0,58.7,, ,0,0,0,0,0,N,Non-Rural,0,0.000176843195504262,0.0639558118459556
139,2957,04011,MUA,Medically Underserved Area,D,Designated,777859200000,1994/08/26,Chinatown/Dowtown/Echo Park South Service Area,777859200000,1994/08/26,N,1534982400000,2018/08/23,06,CA,California,09,Region IX,09,Region IX,California,CA,06,N,0,0,0,0,Unknown,TRC,Medically Underserved Area,0,55,, ,0,0,0,0,0,N,Non-Rural,0,0.00076893660548194,0.185680280303589
140,2958,04012,MUA,Medically Underserved Area,D,Designated,343008000000,1980/11/14,Riverside  Service Area,771120000000,1994/06/09,Y,1534982400000,2018/08/23,06,CA,California,09,Region IX,09,Region IX,California,CA,06,N,0,0,0,0,Unknown,TRC,Medically Underserved Area,0,59,, ,0,0,0,0,0,N,Non-Rural,0,0.0536365995144479,1.7758426262883
141,2982,05008,MUA,Medically Underserved Area,D,Designated,913334400000,1998/12/11,Wheatland (MSSA 248.1) Service Area,913334400000,1998/12/11,N,1534982400000,2018/08/23,06,CA,California,09,Region IX,09,Region IX,California,CA,06,N,0,0,0,0,Unknown,TRC,Medically Underserved Area,0,56.3,, ,0,0,0,0,0,N,Non-Rural,0,0.0113960812104779,0.543601447218176
142,2983,05009,MUA,Medically Underserved Area,D,Designated,913334400000,1998/12/11,Brownsville ( M S S A 247),1110326400000,2005/03/09,N,1534982400000,2018/08/23,06,CA,California,09,Region IX,09,Region IX,California,CA,06,N,0,0,0,0,Unknown,TRC,Medically Underserved Area,0,56,, ,0,0,0,0,0,N,Non-Rural,0,0.0603147216620528,1.46377702333618
143,2984,05010,MUA,Medically Underserved Area,D,Designated,913334400000,1998/12/11,South Sutter (MSSA 217) Service Area,913334400000,1998/12/11,N,1534982400000,2018/08/23,06,CA,California,09,Region IX,09,Region IX,California,CA,06,N,0,0,0,0,Unknown,TRC,Medically Underserved Area,0,61.1,, ,0,0,0,0,0,N,Non-Rural,0,0.035719733438782,0.902192319824555
144,3036,06109,MUP,Medically Underserved Population,D,Designated,932688000000,1999/07/23,Low Inc & MFW - Centerville/Sanger Service Area,932688000000,1999/07/23,N,1534982400000,2018/08/23,06,CA,California,09,Region IX,09,Region IX,California,CA,06,N,0,0,0,0,Unknown,LI,MUP Low Income,0,61,, ,0,0,0,0,0,N,Non-Rural,0,0.0199185250044138,0.683740752039037
145,3103,06193,MUA,Medically Underserved Area,D,Designated,983491200000,2001/03/02,Mad River Service Area,983491200000,2001/03/02,N,1534982400000,2018/08/23,06,CA,California,09,Region IX,09,Region IX,California,CA,06,N,0,0,0,0,Unknown,TRC,Medically Underserved Area,0,57.2,, ,0,0,0,0,0,R,Rural,0,0.228092788210233,2.45114115301017
146,3114,06205,MUP,Medically Underserved Population,D,Designated,984614400000,2001/03/15,Low Income - St. Helena,984614400000,2001/03/15,N,1534982400000,2018/08/23,06,CA,California,09,Region IX,09,Region IX,California,CA,06,N,0,0,0,0,Unknown,LI,MUP Low Income,0,59.5,, ,0,0,0,0,0,P,Partially Rural,0,0.131558409204445,2.17113231851244
147,3115,06206,MUA,Medically Underserved Area,D,Designated,984614400000,2001/03/15,Morro Bay,984614400000,2001/03/15,N,1534982400000,2018/08/23,06,CA,California,09,Region IX,09,Region IX,California,CA,06,N,0,0,0,0,Unknown,TRC,Medically Underserved Area,0,56.5,, ,0,0,0,0,0,P,Partially Rural,0,0.173157261581309,3.63699246190689
148,3130,07000,MUA,Medically Underserved Area,D,Designated,766108800000,1994/04/12,Tule Lake (MSSA 196),774057600000,1994/07/13,N,1534982400000,2018/08/23,06,CA,California,09,Region IX,09,Region IX,California,CA,06,N,0,0,0,0,Unknown,TRC,Medically Underserved Area,0,47.7,, ,0,0,0,0,0,R,Rural,0,0.0979865525878267,1.83872583222498
149,3131,07001,MUA,Medically Underserved Area,D,Designated,383961600000,1982/03/03,San Diego Service Area,767836800000,1994/05/02,Y,1534982400000,2018/08/23,06,CA,California,09,Region IX,09,Region IX,California,CA,06,N,0,0,0,0,Unknown,TRC,Medically Underserved Area,0,47.1,, ,0,0,0,0,0,N,Non-Rural,0,0.0547431412744572,1.83038770048458
150,3132,07002,MUA,Medically Underserved Area,D,Designated,775699200000,1994/08/01,MSSA 29/Kerman,1217289600000,2008/07/29,N,1534982400000,2018/08/23,06,CA,California,09,Region IX,09,Region IX,California,CA,06,N,0,0,23121,0,Unknown,TRC,Medically Underserved Area,30121,53.9,, ,0,0,0,0,0,N,Non-Rural,0,0.0627333576385354,1.60122446964452
151,3133,07003,MUA,Medically Underserved Area,D,Designated,768614400000,1994/05/11,Fresno Service Area,768614400000,1994/05/11,N,1534982400000,2018/08/23,06,CA,California,09,Region IX,09,Region IX,California,CA,06,N,0,0,0,0,Unknown,TRC,Medically Underserved Area,0,56.9,, ,0,0,0,0,0,N,Non-Rural,0,0.00812097457219352,0.648308431889184
152,3134,07005,MUA,Medically Underserved Area,D,Designated,768614400000,1994/05/11,San Diego  Service Area,768614400000,1994/05/11,Y,1534982400000,2018/08/23,06,CA,California,09,Region IX,09,Region IX,California,CA,06,N,0,0,0,0,Unknown,TRC,Medically Underserved Area,0,59.7,, ,0,0,0,0,0,N,Non-Rural,0,4.03291392103711e-05,0.0280787760387471
153,3137,07008,MUA,Medically Underserved Area,D,Designated,769132800000,1994/05/17,Orland Service Area,769132800000,1994/05/17,N,1534982400000,2018/08/23,06,CA,California,09,Region IX,09,Region IX,California,CA,06,N,0,0,0,0,Unknown,TRC,Medically Underserved Area,0,56.8,, ,0,0,0,0,0,R,Rural,0,0.167068414935329,2.7998467227797
154,3194,07072,MUA,Medically Underserved Area,D,Designated,913334400000,1998/12/11,Meridian-robbins (mssa 216),913334400000,1998/12/11,N,1534982400000,2018/08/23,06,CA,California,09,Region IX,09,Region IX,California,CA,06,N,0,0,0,0,Unknown,TRC,Medically Underserved Area,0,57.1,, ,0,0,0,0,0,N,Non-Rural,0,0.0510290150186847,1.67700646037949
155,3212,07091,MUA,Medically Underserved Area,D,Designated,1001548800000,2001/09/27,Willow Creek (mssa 38),1001548800000,2001/09/27,N,1534982400000,2018/08/23,06,CA,California,09,Region IX,09,Region IX,California,CA,06,N,0,0,0,0,Unknown,TRC,Medically Underserved Area,0,59.8,, ,0,0,0,0,0,R,Rural,0,0.039333071531928,0.803545548983962
156,3235,07119,MUA,Medically Underserved Area,D,Designated,1006732800000,2001/11/26,North El Dorado County,1006732800000,2001/11/26,N,1534982400000,2018/08/23,06,CA,California,09,Region IX,09,Region IX,California,CA,06,N,0,0,0,0,Unknown,TRC,Medically Underserved Area,0,58.8,, ,0,0,0,0,0,R,Rural,0,0.129296802708723,2.27419192258183
157,3264,07153,MUA,Medically Underserved Area,D,Designated,1014249600000,2002/02/21,Long Beach/ West Central (mssa78.2jjj),1014249600000,2002/02/21,N,1534982400000,2018/08/23,06,CA,California,09,Region IX,09,Region IX,California,CA,06,N,0,0,0,0,Unknown,TRC,Medically Underserved Area,0,59.9,, ,0,0,0,0,0,N,Non-Rural,0,0.00103680989400345,0.245346576462649
158,3265,07154,MUA,Medically Underserved Area,D,Designated,1014768000000,2002/02/27,Pollock Pines (mssa 23.2),1014768000000,2002/02/27,N,1534982400000,2018/08/23,06,CA,California,09,Region IX,09,Region IX,California,CA,06,N,0,0,0,0,Unknown,TRC,Medically Underserved Area,0,61.2,, ,0,0,0,0,0,P,Partially Rural,0,0.140986583400263,2.34037174902532
159,3395,07299,MUA,Medically Underserved Area,D,Designated,1045008000000,2003/02/12,Mssa 25 - Firebaugh/ Mendota,1045008000000,2003/02/12,N,1534982400000,2018/08/23,06,CA,California,09,Region IX,09,Region IX,California,CA,06,N,0,0,0,0,Unknown,TRC,Medically Underserved Area,0,55.5,, ,0,0,0,0,0,R,Rural,0,0.196475455665677,2.20151599871723
160,3423,07330,MUA,Medically Underserved Area,D,Designated,1051228800000,2003/04/25,North Hollywood ( M S S A  78.2bb),1066348800000,2003/10/17,N,1534982400000,2018/08/23,06,CA,California,09,Region IX,09,Region IX,California,CA,06,N,0,0,0,0,Unknown,TRC,Medically Underserved Area,0,55.9,, ,0,0,0,0,0,N,Non-Rural,0,0.0012979307389287,0.323587151836977
161,3426,07333,MUA,Medically Underserved Area,D,Designated,1052179200000,2003/05/06,Corning ( M S S A 222),1052179200000,2003/05/06,N,1534982400000,2018/08/23,06,CA,California,09,Region IX,09,Region IX,California,CA,06,N,0,0,0,0,Unknown,TRC,Medically Underserved Area,0,61.1,, ,0,0,0,0,0,R,Rural,0,0.0662782229387631,1.28832121568818
162,3427,07334,MUA,Medically Underserved Area,D,Designated,1052438400000,2003/05/09,East Shasta/burney ( M S S A  190),1052438400000,2003/05/09,N,1534982400000,2018/08/23,06,CA,California,09,Region IX,09,Region IX,California,CA,06,N,0,0,0,0,Unknown,TRC,Medically Underserved Area,0,61,, ,0,0,0,0,0,R,Rural,0,0.10809778622388,2.24780075763947
163,3432,07340,MUA,Medically Underserved Area,D,Designated,1054080000000,2003/05/28,Fruitridge/ Oak Park ( M S S A 139f),1054080000000,2003/05/28,N,1534982400000,2018/08/23,06,CA,California,09,Region IX,09,Region IX,California,CA,06,N,0,0,0,0,Unknown,TRC,Medically Underserved Area,0,62,, ,0,0,0,0,0,N,Non-Rural,0,0.0108678556989616,0.609055024640362
164,3445,07353,MUA,Medically Underserved Area,D,Designated,1060041600000,2003/08/05,South Central Northwest (mssa 78.2k),1060041600000,2003/08/05,N,1534982400000,2018/08/23,06,CA,California,09,Region IX,09,Region IX,California,CA,06,N,0,0,0,0,Unknown,TRC,Medically Underserved Area,0,57.2,, ,0,0,0,0,0,N,Non-Rural,0,0.00212383376356229,0.263906602606862
165,3454,07363,MUA,Medically Underserved Area,D,Designated,1063152000000,2003/09/10,Firestone/ Florence S.( M S S A 78.2fff),1063152000000,2003/09/10,N,1534982400000,2018/08/23,06,CA,California,09,Region IX,09,Region IX,California,CA,06,N,0,0,0,0,Unknown,TRC,Medically Underserved Area,0,53.7,, ,0,0,0,0,0,N,Non-Rural,0,0.0012162383852683,0.264732890537165
166,3455,07364,MUA,Medically Underserved Area,D,Designated,1063238400000,2003/09/11,S. Central N. E. ( M S S A 78.2ggg),1063238400000,2003/09/11,N,1534982400000,2018/08/23,06,CA,California,09,Region IX,09,Region IX,California,CA,06,N,0,0,0,0,Unknown,TRC,Medically Underserved Area,0,48.8,, ,0,0,0,0,0,N,Non-Rural,0,0.00107094824829801,0.238441118591605
167,3456,07365,MUA,Medically Underserved Area,D,Designated,1063238400000,2003/09/11,Dntwn S. E./ Florence N.(mssa 78.2mmm),1063238400000,2003/09/11,N,1534982400000,2018/08/23,06,CA,California,09,Region IX,09,Region IX,California,CA,06,N,0,0,0,0,Unknown,TRC,Medically Underserved Area,0,49,, ,0,0,0,0,0,N,Non-Rural,0,0.00210471695754677,0.275915913780575
168,3457,07366,MUA,Medically Underserved Area,D,Designated,1063238400000,2003/09/11,Pacoima East/ Sun Valley(mssa 78.2ppp),1063238400000,2003/09/11,N,1534982400000,2018/08/23,06,CA,California,09,Region IX,09,Region IX,California,CA,06,N,0,0,0,0,Unknown,TRC,Medically Underserved Area,0,61.3,, ,0,0,0,0,0,N,Non-Rural,0,0.00381712916419019,0.580607828754688
169,3460,07370,MUA,Medically Underserved Area,D,Designated,1064534400000,2003/09/26,Long Beach Port ( M S S A 78.2p),1064534400000,2003/09/26,N,1534982400000,2018/08/23,06,CA,California,09,Region IX,09,Region IX,California,CA,06,N,0,0,0,0,Unknown,TRC,Medically Underserved Area,0,61.1,, ,0,0,0,0,0,N,Non-Rural,0,0.00847119339618985,0.732580776372066
170,3461,07371,MUA,Medically Underserved Area,D,Designated,1064793600000,2003/09/29,Boyle Higt C/ Cty Ter W( M S S A 78.2h),1064793600000,2003/09/29,N,1534982400000,2018/08/23,06,CA,California,09,Region IX,09,Region IX,California,CA,06,N,0,0,0,0,Unknown,TRC,Medically Underserved Area,0,55.8,, ,0,0,0,0,0,N,Non-Rural,0,0.0011890906159806,0.372057875212014
171,3462,07372,MUA,Medically Underserved Area,D,Designated,1064793600000,2003/09/29,North Long Beach ( M S S A 78.2iii),1064793600000,2003/09/29,N,1534982400000,2018/08/23,06,CA,California,09,Region IX,09,Region IX,California,CA,06,N,0,0,0,0,Unknown,TRC,Medically Underserved Area,0,59.9,, ,0,0,0,0,0,N,Non-Rural,0,0.00105068123389174,0.317056470646422
172,3465,07375,MUP,Medically Underserved Population,D,Designated,1065139200000,2003/10/03,Low Inc - Bell Gardens/Commerce(MSSA 78.2c),1300320000000,2011/03/17,N,1534982400000,2018/08/23,06,CA,California,09,Region IX,09,Region IX,California,CA,06,N,0,0,0,0,Unknown,LI,MUP Low Income,0,61.2,, ,0,0,0,0,0,N,Non-Rural,0,0.00164630649396713,0.545794584553682
173,3466,07376,MUA,Medically Underserved Area,D,Designated,1065139200000,2003/10/03,Lake Los Angeles ( M S S A 77.2),1065139200000,2003/10/03,N,1534982400000,2018/08/23,06,CA,California,09,Region IX,09,Region IX,California,CA,06,N,0,0,0,0,Unknown,TRC,Medically Underserved Area,0,60.2,, ,0,0,0,0,0,P,Partially Rural,0,0.0913401349869218,1.52592081882483
174,3469,07379,MUA,Medically Underserved Area,D,Designated,1066348800000,2003/10/17,South Central S. W. ( M S S A 78.2s),1066348800000,2003/10/17,N,1534982400000,2018/08/23,06,CA,California,09,Region IX,09,Region IX,California,CA,06,N,0,0,0,0,Unknown,TRC,Medically Underserved Area,0,47.9,, ,0,0,0,0,0,N,Non-Rural,0,0.0013734899573592,0.218045710095663
175,3473,07383,MUA,Medically Underserved Area,D,Designated,1067990400000,2003/11/05,MSSA 78.2b (Pico Union/Westlake),1067990400000,2003/11/05,N,1534982400000,2018/08/23,06,CA,California,09,Region IX,09,Region IX,California,CA,06,N,0,0,98357,0,Unknown,TRC,Medically Underserved Area,157757,51,, ,0,0,0,0,0,N,Non-Rural,0,0.00122012839483432,0.206834633756399
176,3474,07384,MUA,Medically Underserved Area,D,Designated,1067990400000,2003/11/05,Compton East ( M S S A 78.2bbb),1067990400000,2003/11/05,N,1534982400000,2018/08/23,06,CA,California,09,Region IX,09,Region IX,California,CA,06,N,0,0,0,0,Unknown,TRC,Medically Underserved Area,0,53.7,, ,0,0,0,0,0,N,Non-Rural,0,0.00136697844595801,0.335371044369275
177,3475,07385,MUA,Medically Underserved Area,D,Designated,1067990400000,2003/11/05,Inglewood East ( M S S A 78.2r),1067990400000,2003/11/05,N,1534982400000,2018/08/23,06,CA,California,09,Region IX,09,Region IX,California,CA,06,N,0,0,0,0,Unknown,TRC,Medically Underserved Area,0,58.2,, ,0,0,0,0,0,N,Non-Rural,0,0.0014661074515061,0.339428738731314
178,3476,07386,MUA,Medically Underserved Area,D,Designated,1067990400000,2003/11/05,Juniper Hills/ Littlerock( M S S A 77.3),1067990400000,2003/11/05,N,1534982400000,2018/08/23,06,CA,California,09,Region IX,09,Region IX,California,CA,06,N,0,0,0,0,Unknown,TRC,Medically Underserved Area,0,60.3,, ,0,0,0,0,0,N,Non-Rural,0,0.0511014953106042,1.24356897318988
179,3477,07387,MUA,Medically Underserved Area,D,Designated,1067990400000,2003/11/05,Rosemead/ San Gabriel( M S S A 78.2qqq),1067990400000,2003/11/05,N,1534982400000,2018/08/23,06,CA,California,09,Region IX,09,Region IX,California,CA,06,N,0,0,0,0,Unknown,TRC,Medically Underserved Area,0,57.7,, ,0,0,0,0,0,N,Non-Rural,0,0.0017216106775777,0.392141531915496
180,3478,07388,MUA,Medically Underserved Area,D,Designated,1067990400000,2003/11/05,Lynwood S/ Paramount N W(mssa 78.2ooo),1067990400000,2003/11/05,N,1534982400000,2018/08/23,06,CA,California,09,Region IX,09,Region IX,California,CA,06,N,0,0,0,0,Unknown,TRC,Medically Underserved Area,0,57.6,, ,0,0,0,0,0,N,Non-Rural,0,0.00119819924248077,0.355444210218894
181,3479,07389,MUA,Medically Underserved Area,D,Designated,1067990400000,2003/11/05,Golden Gate Park/parkside( M S S A 162e),1067990400000,2003/11/05,N,1534982400000,2018/08/23,06,CA,California,09,Region IX,09,Region IX,California,CA,06,N,0,0,0,0,Unknown,TRC,Medically Underserved Area,0,59.5,, ,0,0,0,0,0,N,Non-Rural,0,0.00177065387333641,0.359276402117249
182,3480,07390,MUA,Medically Underserved Area,D,Designated,1067990400000,2003/11/05,Glassell P/glendale S E( M S S A 78.2ff),1067990400000,2003/11/05,N,1534982400000,2018/08/23,06,CA,California,09,Region IX,09,Region IX,California,CA,06,N,0,0,0,0,Unknown,TRC,Medically Underserved Area,0,58.5,, ,0,0,0,0,0,N,Non-Rural,0,0.00223038279136745,0.384751026063535
183,3484,07394,MUA,Medically Underserved Area,D,Designated,1069113600000,2003/11/18,Culver City East ( M S S A 78.2nnn),1069113600000,2003/11/18,N,1534982400000,2018/08/23,06,CA,California,09,Region IX,09,Region IX,California,CA,06,N,0,0,0,0,Unknown,TRC,Medically Underserved Area,0,52.7,, ,0,0,0,0,0,N,Non-Rural,0,0.0013985022385441,0.288283414048292
184,3485,07395,MUA,Medically Underserved Area,D,Designated,1069113600000,2003/11/18,Gardena W./ Hawthorne( M S S A 78.2bbbb),1069113600000,2003/11/18,N,1534982400000,2018/08/23,06,CA,California,09,Region IX,09,Region IX,California,CA,06,N,0,0,0,0,Unknown,TRC,Medically Underserved Area,0,61.2,, ,0,0,0,0,0,N,Non-Rural,0,0.0010794374222769,0.265909531367695
185,3510,07422,MUP,Medically Underserved Population,D,Designated,1087257600000,2004/06/15,Low Inc/hmls- Garden S/ San W(mssa 116i),1087257600000,2004/06/15,N,1534982400000,2018/08/23,06,CA,California,09,Region IX,09,Region IX,California,CA,06,N,0,0,0,0,Unknown,LI,MUP Low Income,0,59.6,, ,0,0,0,0,0,N,Non-Rural,0,0.00195990556107972,0.34487108228347
186,3513,07425,MUA,Medically Underserved Area,D,Designated,1089849600000,2004/07/15,Pomona E./ Pomona S. ( M S S A 78.2ss),1089849600000,2004/07/15,N,1534982400000,2018/08/23,06,CA,California,09,Region IX,09,Region IX,California,CA,06,N,0,0,0,0,Unknown,TRC,Medically Underserved Area,0,57,, ,0,0,0,0,0,N,Non-Rural,0,0.00351370639009474,0.374058422202976
187,3514,07426,MUA,Medically Underserved Area,D,Designated,1089936000000,2004/07/16,Van Nuys Central ( M S S A 78.2cc),1089936000000,2004/07/16,N,1534982400000,2018/08/23,06,CA,California,09,Region IX,09,Region IX,California,CA,06,N,0,0,0,0,Unknown,TRC,Medically Underserved Area,0,61.1,, ,0,0,0,0,0,N,Non-Rural,0,0.00168565958188083,0.304468664403865
188,3517,07429,MUA,Medically Underserved Area,D,Designated,1092182400000,2004/08/11,Gardena ( M S S A 78.2uuu),1092182400000,2004/08/11,N,1534982400000,2018/08/23,06,CA,California,09,Region IX,09,Region IX,California,CA,06,N,0,0,0,0,Unknown,TRC,Medically Underserved Area,0,58.3,, ,0,0,0,0,0,N,Non-Rural,0,0.00283015248646734,0.39800868655918
189,3519,07431,MUA,Medically Underserved Area,D,Designated,1092700800000,2004/08/17,Panorama City ( M S S A 78.2ll),1092700800000,2004/08/17,N,1534982400000,2018/08/23,06,CA,California,09,Region IX,09,Region IX,California,CA,06,N,0,0,0,0,Unknown,TRC,Medically Underserved Area,0,59.8,, ,0,0,0,0,0,N,Non-Rural,0,0.00231842530365611,0.390786760413841
190,3578,07499,MUA,Medically Underserved Area,D,Designated,1129248000000,2005/10/14,Live Oak ( M S S A 218),1129248000000,2005/10/14,N,1534982400000,2018/08/23,06,CA,California,09,Region IX,09,Region IX,California,CA,06,N,0,0,0,0,Unknown,TRC,Medically Underserved Area,0,56.3,, ,0,0,0,0,0,N,Non-Rural,0,0.0134393543021361,0.675915078187091
191,3593,07515,MUP,Medically Underserved Population,D,Designated,1135900800000,2005/12/30,Low Inc - Tulare ( M S S A 230),1135900800000,2005/12/30,N,1534982400000,2018/08/23,06,CA,California,09,Region IX,09,Region IX,California,CA,06,N,0,0,0,0,Unknown,LI,MUP Low Income,0,59.4,, ,0,0,0,0,0,N,Non-Rural,0,0.0894808077514426,1.39721513139666
192,3594,07516,MUP,Medically Underserved Population,D,Designated,1136419200000,2006/01/05,Low Inc/ M F W - Hughson ( M S S A 214),1136419200000,2006/01/05,N,1534982400000,2018/08/23,06,CA,California,09,Region IX,09,Region IX,California,CA,06,N,0,0,0,0,Unknown,LI,MUP Low Income,0,61.2,, ,0,0,0,0,0,N,Non-Rural,0,0.0779620306393554,1.46227350948948
193,3597,07519,MUA,Medically Underserved Area,D,Designated,1139184000000,2006/02/06,Mariposa ( M S S A 85),1139184000000,2006/02/06,N,1534982400000,2018/08/23,06,CA,California,09,Region IX,09,Region IX,California,CA,06,N,0,0,0,0,Unknown,TRC,Medically Underserved Area,0,59.9,, ,0,0,0,0,0,R,Rural,0,0.281865831308551,2.9550491301466
194,3609,07532,MUP,Medically Underserved Population,D,Designated,1153353600000,2006/07/20,Low Inc- Hollywood S. Ce( M S S A 78.2g),1153353600000,2006/07/20,N,1534982400000,2018/08/23,06,CA,California,09,Region IX,09,Region IX,California,CA,06,N,0,0,0,0,Unknown,LI,MUP Low Income,0,59.8,, ,0,0,0,0,0,N,Non-Rural,0,0.00130004145466955,0.208460062384244
195,3620,07544,MUA,Medically Underserved Area,D,Designated,1156809600000,2006/08/29,Hayfork ( M S S A 225),1156809600000,2006/08/29,N,1534982400000,2018/08/23,06,CA,California,09,Region IX,09,Region IX,California,CA,06,N,0,0,0,0,Unknown,TRC,Medically Underserved Area,0,54.7,, ,0,0,0,0,0,R,Rural,0,0.165218789336905,2.27146577322893
196,3665,07604,MUA,Medically Underserved Area,D,Designated,1186444800000,2007/08/07,MSSAs 223 & 224- Junction City/Weaverville,1186444800000,2007/08/07,N,1534982400000,2018/08/23,06,CA,California,09,Region IX,09,Region IX,California,CA,06,N,11.7,0,2828,0,Unknown,TRC,Medically Underserved Area,9428,61.1,, ,17.9,0,16.2,0,0,R,Rural,0.35,0.491241528184673,5.38707368550309
197,3666,07605,MUA,Medically Underserved Area,D,Designated,1186444800000,2007/08/07,MSSA 95/Ballico/Cressey/Delhi/Hilmar/Livingston,1186444800000,2007/08/07,N,1534982400000,2018/08/23,06,CA,California,09,Region IX,09,Region IX,California,CA,06,N,6,0,29297,0,Unknown,TRC,Medically Underserved Area,36097,61.3,, ,8.4,0,19.2,0,0,P,Partially Rural,0.09,0.0502964636480101,1.2300957399084
198,3711,07673,MUA,Medically Underserved Area,D,Designated,1217289600000,2008/07/29,MSSA 228.1 - Woodlake/Ivanhoe,1217289600000,2008/07/29,N,1534982400000,2018/08/23,06,CA,California,09,Region IX,09,Region IX,California,CA,06,N,6,0,11225,0,Unknown,TRC,Medically Underserved Area,15825,54.2,, ,8,0,31.1,0,0,N,Non-Rural,0.15,0.019769465686295,0.869001208874835
199,3715,07677,MUA,Medically Underserved Area,D,Designated,1217894400000,2008/08/05,MSSA 229/Three Rivers,1217894400000,2008/08/05,N,1534982400000,2018/08/23,06,CA,California,09,Region IX,09,Region IX,California,CA,06,N,6,0,3746,0,Unknown,TRC,Medically Underserved Area,4946,59.8,, ,16.6,0,16.3,0,0,R,Rural,0.12,0.275677549464035,3.11851956725578
200,3724,07687,MUP,Medically Underserved Population,D,Designated,1228867200000,2008/12/10,MSSA 227.2 - Culter/Orosi,1228867200000,2008/12/10,N,1534982400000,2018/08/23,06,CA,California,09,Region IX,09,Region IX,California,CA,06,N,6,0,10293,0,Unknown,LI,MUP Low Income,13093,48.6,, ,8,0,43.7,0,0,N,Non-Rural,0.11,0.0191541023282298,0.89008568540149
201,3753,07717,MUA,Medically Underserved Area,D,Designated,1249430400000,2009/08/05,MSSA 123.2-Graegle,1249430400000,2009/08/05,N,1534982400000,2018/08/23,06,CA,California,09,Region IX,09,Region IX,California,CA,06,N,5.8,0,273,0,Unknown,TRC,Medically Underserved Area,1873,59.4,, ,28.2,0,8.3,0,0,R,Rural,0.43,0.0356922338214645,1.50159121887571
202,3758,07722,MUP,Medically Underserved Population,D,Designated,1252022400000,2009/09/04,Low Inc - Greenville/Chester (MSSA 122 & 125),1252022400000,2009/09/04,N,1534982400000,2018/08/23,06,CA,California,09,Region IX,09,Region IX,California,CA,06,N,5.8,0,1332,0,Unknown,LI,MUP Low Income,2332,56.4,, ,21.1,0,14.5,0,0,R,Rural,0.21,0.322172486529325,4.48948221389154
203,3777,07742,MUA,Medically Underserved Area,D,Designated,1271376000000,2010/04/16,MSSA 75 (Westwood),1271376000000,2010/04/16,N,1534982400000,2018/08/23,06,CA,California,09,Region IX,09,Region IX,California,CA,06,N,9.9,0,2720,0,Unknown,TRC,Medically Underserved Area,2720,58.4,, ,14.2,0,18.1,0,0,R,Rural,0,0.209960331545972,2.62525933987911
204,3792,07757,MUP,Medically Underserved Population,D,Designated,1283126400000,2010/08/30,LI/H-MSSA 181a/Goleta/IslVista/Santa Barbara,1283126400000,2010/08/30,N,1534982400000,2018/08/23,06,CA,California,09,Region IX,09,Region IX,California,CA,06,N,4.6,0,36738,0,Unknown,LI-H,MUP Low Income Homeless,45138,55.6,, ,9.8,0,27.5,0,0,N,Non-Rural,0.09,0.241221269211337,9.58802954396339
205,3954,07936,MUA,Medically Underserved Area,D,Designated,1381276800000,2013/10/09,MSSA 145.2/Adelanto,1381276800000,2013/10/09,N,1534982400000,2018/08/23,06,CA,California,09,Region IX,09,Region IX,California,CA,06,N,7.5,0,40424,0,Unknown,TRC,Medically Underserved Area,49224,58.9,, ,6.6,0,22.8,0,0,N,Non-Rural,0.09,0.0790652549615061,1.42601914522789
206,3999,1061522334,MUP,Medically Underserved Population,D,Designated,1523577600000,2018/04/13,LI-MSSA 115.2d/Laguna Beach,1523577600000,2018/04/13,N,1534982400000,2018/08/23,06,CA,California,09,Region IX,09,Region IX,California,CA,06,N,3.6,26,17473,0,Unknown,LI,MUP Low Income,0,54.4,, ,28.5,1.7,8.5,21,5.7,N,Non-Rural,0.294,0.00603407502080699,0.596368383655252
207,4000,1062505166,MUA,Medically Underserved Area,D,Designated,1450828800000,2015/12/23,MSSA 203.2/Rio Vista,1450828800000,2015/12/23,N,1534982400000,2018/08/23,06,CA,California,09,Region IX,09,Region IX,California,CA,06,N,5.6,26,8193,0,Unknown,TRC,Medically Underserved Area,8193,47,, ,32.8,0,8.8,21,0,R,Rural,0,0.0623080899426895,1.24828639945711
208,4001,1062610406,MUA,Medically Underserved Area,D,Designated,1501286400000,2017/07/29,Amador County,1501286400000,2017/07/29,N,1534982400000,2018/08/23,06,CA,California,09,Region IX,09,Region IX,California,CA,06,N,0,26,32932,0,Unknown,TRC,Medically Underserved Area,0,58.8,, ,25.1,5.1,12.9,18.7,9,R,Rural,0.363,0.161954099622562,2.90983387879668
209,4002,1063153316,MUA,Medically Underserved Area,D,Designated,1471478400000,2016/08/18,MUA-MSSA149/Barstow,1471478400000,2016/08/18,N,1534982400000,2018/08/23,06,CA,California,09,Region IX,09,Region IX,California,CA,06,N,6.3,26,52836,0,Unknown,TRC,Medically Underserved Area,0,60.4,, ,11.7,19.4,23.1,12.2,2.8,P,Partially Rural,0.2,0.590802516661142,4.0928824269161
210,4003,1063722335,MUA,Medically Underserved Area,D,Designated,766713600000,1994/04/19,Tuolumne County,1501200000000,2017/07/28,N,1534982400000,2018/08/23,06,CA,California,09,Region IX,09,Region IX,California,CA,06,N,4.8,26,50714,0,Unknown,TRC,Medically Underserved Area,0,54.5,, ,23,7,14.6,17.4,4.1,R,Rural,0.236,0.604468260658905,5.07669652463297
211,4004,1064007760,MUA,Medically Underserved Area,D,Designated,1500422400000,2017/07/19,Mendocino County,1500422400000,2017/07/19,N,1534982400000,2018/08/23,06,CA,California,09,Region IX,09,Region IX,California,CA,06,N,6.8,26,86121,0,Unknown,TRC,Medically Underserved Area,0,59.7,, ,17.2,14.4,20.2,13.6,5.7,R,Rural,0.27,1.05083933261903,5.59426535318497
212,4005,1064107865,MUA,Medically Underserved Area,D,Designated,1450051200000,2015/12/14,MSSA 137/Walnut Grove,1450051200000,2015/12/14,N,1534982400000,2018/08/23,06,CA,California,09,Region IX,09,Region IX,California,CA,06,N,5.392,26,5618,0,Unknown,TRC,Medically Underserved Area,5618,57.3,, ,20.7,9.8,12.3,18.7,2.8,P,Partially Rural,0.17,0.0434952045552564,1.59505642893142
213,4006,1064475596,MUA,Medically Underserved Area,D,Designated,1479254400000,2016/11/16,MSSA 27 & 28-Coalinga/Huron,1479254400000,2016/11/16,N,1534982400000,2018/08/23,06,CA,California,09,Region IX,09,Region IX,California,CA,06,N,7.3,26,24266,0,Unknown,TRC,Medically Underserved Area,0,59.4,, ,8,19.9,29.5,7.8,5.7,R,Rural,0.258,0.267205313337854,2.48517854098278
214,4007,1064928092,MUA,Medically Underserved Area,D,Designated,1508976000000,2017/10/26,Lake County,1508976000000,2017/10/26,N,1534982400000,2018/08/23,06,CA,California,09,Region IX,09,Region IX,California,CA,06,N,6.3,26,63299,0,Unknown,TRC,Medically Underserved Area,0,55.4,, ,18.8,12.8,24.3,10.9,5.7,R,Rural,0.255,0.358537611239626,3.6957250189838
