Primary_State_Name,County_State,Index_of_Medical_Underservice_Score
Alabama,"Autauga County, AL",52.0
Alabama,"Bibb County, AL",47.0
Alabama,"Blount County, AL",56.0
Alabama,"Bullock County, AL",61.0
Alabama,"Calhoun County, AL",61.0
Alabama,"Cherokee County, AL",56.0
Alabama,"Choctaw County, AL",58.0
Alabama,"Clay County, AL",60.0
Alabama,"Cleburne County, AL",61.0
Alabama,"Coffee County, AL",60.0
Alabama,"Colbert County, AL",57.0
Alabama,"Conecuh County, AL",51.0
Alabama,"Coosa County, AL",52.0
Alabama,"Covington County, AL",54.0
Alabama,"Crenshaw County, AL",58.0
Alabama,"Cullman County, AL",51.0
Alabama,"Dale County, AL",61.0
Alabama,"DeKalb County, AL",50.0
Alabama,"Elmore County, AL",48.0
Alabama,"Escambia County, AL",53.0
Alabama,"Etowah County, AL",54.71428571
Alabama,"Fayette County, AL",58.0
Alabama,"Lamar County, AL",58.0
Alabama,"Marion County, AL",50.0
Alabama,"Franklin County, AL",59.0
Alabama,"Greene County, AL",56.0
Alabama,"Hale County, AL",55.0
Alabama,"Henry County, AL",60.0
Alabama,"Houston County, AL",57.0
Alabama,"Jackson County, AL",53.0
Alabama,"Jefferson County, AL",55.42857143
Alabama,"Chambers County, AL",59.5
Alabama,"Lauderdale County, AL",58.0
Alabama,"Lawrence County, AL",44.0
Alabama,"Lee County, AL",55.0
Alabama,"Limestone County, AL",49.75
Alabama,"Lowndes County, AL",54.0
Alabama,"Macon County, AL",28.0
Alabama,"Madison County, AL",56.0
Alabama,"Marengo County, AL",54.0
Alabama,"Marshall County, AL",58.0
Alabama,"Mobile County, AL",57.0
Alabama,"Montgomery County, AL",48.4
Alabama,"Morgan County, AL",59.0
Alabama,"Perry County, AL",58.0
Alabama,"Pickens County, AL",58.0
Alabama,"Randolph County, AL",61.0
Alabama,"Russell County, AL",46.0
Georgia,"Russell County, GA",46.0
Alabama,"Shelby County, AL",49.0
Georgia,"Muscogee County, GA",50.33333333
Alabama,"St. Clair County, AL",42.0
Alabama,"Sumter County, AL",40.0
Alabama,"Talladega County, AL",45.0
Alabama,"Tallapoosa County, AL",53.0
Alabama,"Tuscaloosa County, AL",49.75
Alabama,"Washington County, AL",32.0
Alabama,"Winston County, AL",58.0
Alabama,"Barbour County, AL",61.0
Alabama,"Butler County, AL",60.0
Alabama,"Chilton County, AL",57.0
Alabama,"Clarke County, AL",57.0
Alabama,"Dallas County, AL",50.0
Alabama,"Geneva County, AL",57.0
Alabama,"Monroe County, AL",61.0
Alabama,"Pike County, AL",60.0
Alabama,"Walker County, AL",61.0
Alabama,"Wilcox County, AL",51.0
Alaska,"Aleutians East Borough, AK",61.0
Alaska,"Aleutians West Census Area, AK",61.0
Alaska,"Anchorage Borough, AK",61.0
Alaska,"Bethel Census Area, AK",47.0
Alaska,"Bristol Bay Borough, AK",60.0
Alaska,"Valdez-Cordova Census Area, AK",16.66666667
Alaska,"Yukon-Koyukuk Census Area, AK",54.33333333
Alaska,"Lake and Peninsula Borough, AK",58.0
Alaska,"Nome Census Area, AK",37.0
Alaska,"Northwest Arctic Borough, AK",37.0
Alaska,"Ketchikan Gateway Borough, AK",60.0
Alaska,"Prince of Wales-Hyder Census Area, AK",60.0
Alaska,"North Slope Borough, AK",57.0
Alaska,"Hoonah-Angoon Census Area, AK",59.0
Alaska,"Skagway Municipality, AK",59.0
Alaska,"Kusilvak Census Area, AK",32.0
Alaska,"Yakutat Borough, AK",60.0
Alaska,"Kenai Peninsula Borough, AK",0.0
Alaska,"Fairbanks North Star Borough, AK",0.0
Alaska,"Haines Borough, AK",0.0
Alaska,"Denali Borough, AK",0.0
Alaska,"Dillingham Census Area, AK",0.0
Alaska,"Kodiak Island Borough, AK",0.0
Alaska,"Southeast Fairbanks Census Area, AK",0.0
Alaska,"Matanuska-Susitna Borough, AK",0.0
Alaska,"Juneau Borough, AK",63.0
Alaska,"Wrangell City and Borough, AK",0.0
Arizona,"Pima County, AZ",56.5
Arizona,"Apache County, AZ",35.0
Arizona,"Pinal County, AZ",53.25
Arizona,"Cochise County, AZ",58.0
Arizona,"Maricopa County, AZ",56.125
Arizona,"Gila County, AZ",50.0
Arizona,"Graham County, AZ",61.0
Arizona,"Greenlee County, AZ",61.0
Arizona,"Mohave County, AZ",52.42857143
Arizona,"Navajo County, AZ",38.0
Arizona,"La Paz County, AZ",50.0
Arizona,"Santa Cruz County, AZ",61.0
Arizona,"Coconino County, AZ",36.66666667
Arizona,"Yuma County, AZ",50.0
Arizona,"Yavapai County, AZ",56.0
Arkansas,"Arkansas County, AR",58.0
Arkansas,"Ashley County, AR",53.0
Arkansas,"Baxter County, AR",46.0
Arkansas,"White County, AR",55.25
Arkansas,"Craighead County, AR",55.5
Arkansas,"Union County, AR",55.33333333
Arkansas,"Bradley County, AR",58.0
Arkansas,"Calhoun County, AR",53.0
Arkansas,"Carroll County, AR",47.0
Arkansas,"Pulaski County, AR",54.33333333
Arkansas,"Chicot County, AR",37.0
Arkansas,"Clark County, AR",61.0
Arkansas,"Clay County, AR",47.0
Arkansas,"Cleburne County, AR",57.0
Arkansas,"Cleveland County, AR",39.0
Arkansas,"Columbia County, AR",58.0
Arkansas,"Conway County, AR",50.0
Arkansas,"Crawford County, AR",53.0
Arkansas,"Crittenden County, AR",34.0
Arkansas,"Cross County, AR",39.0
Arkansas,"Dallas County, AR",55.0
Arkansas,"Benton County, AR",57.5
Arkansas,"Desha County, AR",56.0
Arkansas,"Pope County, AR",59.5
Arkansas,"Drew County, AR",58.0
Arkansas,"Faulkner County, AR",58.0
Arkansas,"Sebastian County, AR",54.0
Arkansas,"Franklin County, AR",48.0
Arkansas,"Fulton County, AR",59.0
Arkansas,"Greene County, AR",58.0
Arkansas,"Hempstead County, AR",45.0
Arkansas,"Hot Spring County, AR",56.0
Arkansas,"Garland County, AR",60.5
Arkansas,"Howard County, AR",60.0
Arkansas,"Independence County, AR",46.0
Arkansas,"Izard County, AR",57.0
Arkansas,"Jackson County, AR",51.0
Arkansas,"Jefferson County, AR",50.4
Arkansas,"Johnson County, AR",57.0
Arkansas,"Lafayette County, AR",29.0
Arkansas,"Lawrence County, AR",53.0
Arkansas,"Lee County, AR",59.0
Arkansas,"Lincoln County, AR",54.0
Arkansas,"Little River County, AR",61.0
Arkansas,"Logan County, AR",49.0
Arkansas,"Lonoke County, AR",45.0
Arkansas,"Madison County, AR",33.0
Arkansas,"Marion County, AR",61.0
Arkansas,"Miller County, AR",61.0
Arkansas,"Sevier County, AR",61.0
Arkansas,"Mississippi County, AR",61.0
Arkansas,"Monroe County, AR",46.0
Arkansas,"Montgomery County, AR",30.0
Arkansas,"Nevada County, AR",36.0
Arkansas,"Newton County, AR",45.0
Arkansas,"Ouachita County, AR",58.0
Arkansas,"Perry County, AR",42.0
Arkansas,"Phillips County, AR",49.0
Arkansas,"Pike County, AR",51.0
Arkansas,"Poinsett County, AR",53.0
Arkansas,"Polk County, AR",60.0
Arkansas,"Prairie County, AR",30.0
Arkansas,"Randolph County, AR",61.0
Arkansas,"Yell County, AR",58.0
Arkansas,"Saline County, AR",57.0
Arkansas,"Scott County, AR",53.0
Arkansas,"Searcy County, AR",39.0
Arkansas,"Sharp County, AR",55.0
Arkansas,"Washington County, AR",61.0
Arkansas,"St. Francis County, AR",59.0
Arkansas,"Stone County, AR",39.0
Arkansas,"Van Buren County, AR",62.0
Arkansas,"Woodruff County, AR",31.0
California,"Alameda County, CA",57.16666667
California,"Amador County, CA",58.0
California,"Humboldt County, CA",59.66666667
California,"San Luis Obispo County, CA",53.0
California,"Kings County, CA",59.0
California,"Kern County, CA",54.375
California,"Riverside County, CA",55.16666667
California,"Los Angeles County, CA",56.62790698
California,"Yuba County, CA",55.0
California,"Siskiyou County, CA",54.5
California,"Imperial County, CA",48.5
California,"Orange County, CA",52.33333333
California,"Shasta County, CA",61.0
California,"Contra Costa County, CA",56.0
California,"Tehama County, CA",61.0
California,"Del Norte County, CA",61.0
California,"Sierra County, CA",59.0
California,"San Diego County, CA",53.92857143
California,"Butte County, CA",53.0
California,"Fresno County, CA",57.55555556
California,"Sacramento County, CA",59.5
California,"San Francisco County, CA",56.0
California,"Santa Barbara County, CA",58.0
California,"Trinity County, CA",57.33333333
California,"San Benito County, CA",57.0
California,"Lassen County, CA",59.33333333
California,"Lake County, CA",55.0
California,"Sutter County, CA",58.0
California,"Inyo County, CA",57.0
California,"Madera County, CA",59.0
California,"Marin County, CA",54.0
California,"Mariposa County, CA",59.0
California,"Mendocino County, CA",59.0
California,"Modoc County, CA",53.0
California,"Santa Cruz County, CA",47.0
California,"Monterey County, CA",60.0
California,"Plumas County, CA",54.33333333
California,"San Bernardino County, CA",54.58333333
California,"Solano County, CA",55.0
California,"Tulare County, CA",56.57142857
California,"Merced County, CA",57.0
California,"El Dorado County, CA",59.5
California,"Glenn County, CA",56.0
California,"San Joaquin County, CA",54.0
California,"San Mateo County, CA",58.0
California,"Santa Clara County, CA",57.0
California,"Sonoma County, CA",50.83333333
California,"Stanislaus County, CA",61.0
California,"Tuolumne County, CA",54.0
California,"Ventura County, CA",61.0
California,"Yolo County, CA",53.0
Nevada,"Alpine County, CA",67.0
Nevada,"Douglas County, NV",60.0
Nevada,"Mono County, CA",67.0
California,"Nevada County, CA",49.0
California,"Napa County, CA",56.5
Colorado,"Adams County, CO",14.25
Colorado,"Arapahoe County, CO",14.5
Colorado,"Archuleta County, CO",50.0
Colorado,"Boulder County, CO",42.0
Colorado,"Bent County, CO",56.0
Colorado,"Fremont County, CO",58.0
Colorado,"Cheyenne County, CO",61.0
Colorado,"Clear Creek County, CO",47.0
Colorado,"Conejos County, CO",38.0
Colorado,"Costilla County, CO",23.0
Colorado,"Teller County, CO",47.0
Colorado,"Crowley County, CO",60.0
Colorado,"Dolores County, CO",59.0
Colorado,"Delta County, CO",60.0
Colorado,"Denver County, CO",55.3
Colorado,"Elbert County, CO",58.0
Colorado,"Lincoln County, CO",58.0
Colorado,"El Paso County, CO",59.5
Colorado,"Gilpin County, CO",56.0
Colorado,"Las Animas County, CO",48.0
Colorado,"Custer County, CO",60.0
Colorado,"Otero County, CO",56.0
Colorado,"Logan County, CO",61.0
Colorado,"Phillips County, CO",61.0
Colorado,"Sedgwick County, CO",54.0
Colorado,"Mesa County, CO",18.0
Colorado,"Montrose County, CO",56.0
Colorado,"Ouray County, CO",52.0
Colorado,"Prowers County, CO",59.0
Colorado,"Pueblo County, CO",55.0
Colorado,"Rio Grande County, CO",49.0
Colorado,"Saguache County, CO",41.0
Colorado,"San Juan County, CO",52.0
Colorado,"San Miguel County, CO",54.0
Colorado,"Washington County, CO",56.0
Colorado,"Weld County, CO",61.0
Colorado,"Yuma County, CO",60.0
Colorado,"Alamosa County, CO",0.0
Colorado,"Hinsdale County, CO",0.0
Colorado,"Jefferson County, CO",0.0
Colorado,"Larimer County, CO",0.0
Colorado,"Jackson County, CO",63.0
Colorado,"Moffat County, CO",66.0
Colorado,"Routt County, CO",73.0
Colorado,"Summit County, CO",0.0
Colorado,"La Plata County, CO",72.0
Colorado,"Morgan County, CO",0.0
Colorado,"Montezuma County, CO",63.0
Colorado,"Park County, CO",0.0
Colorado,"Garfield County, CO",35.5
Colorado,"Eagle County, CO",73.0
Connecticut,"Hartford County, CT",49.85714286
Connecticut,"New Haven County, CT",49.25
Connecticut,"Fairfield County, CT",55.16666667
Connecticut,"Middlesex County, CT",52.0
Connecticut,"New London County, CT",50.33333333
Connecticut,"Windham County, CT",28.0
Connecticut,"Litchfield County, CT",41.0
Connecticut,"Tolland County, CT",47.0
Delaware,"New Castle County, DE",71.33333333
Delaware,"Sussex County, DE",61.0
Delaware,"Kent County, DE",75.0
Florida,"Baker County, FL",49.0
Florida,"Okaloosa County, FL",55.0
Florida,"Pinellas County, FL",56.71428571
Florida,"Bradford County, FL",61.0
Florida,"Bay County, FL",31.0
Florida,"Miami-Dade County, FL",52.4375
Florida,"Dixie County, FL",47.0
Florida,"Duval County, FL",55.8
Florida,"Gadsden County, FL",53.0
Florida,"Glades County, FL",57.0
Florida,"Hamilton County, FL",60.0
Florida,"Hardee County, FL",61.0
Florida,"Hillsborough County, FL",56.8
Florida,"Holmes County, FL",56.5
Florida,"Martin County, FL",60.0
Florida,"Lafayette County, FL",56.0
Florida,"Liberty County, FL",61.0
Florida,"Calhoun County, FL",59.0
Florida,"Citrus County, FL",47.0
Florida,"Hernando County, FL",47.0
Florida,"Indian River County, FL",56.0
Florida,"Leon County, FL",59.0
Florida,"Walton County, FL",60.0
Florida,"Polk County, FL",56.0
Florida,"Alachua County, FL",58.0
Florida,"Franklin County, FL",43.0
Florida,"Highlands County, FL",47.0
Florida,"Jackson County, FL",59.0
Florida,"Levy County, FL",53.0
Florida,"Marion County, FL",50.0
Florida,"Putnam County, FL",56.0
Florida,"Volusia County, FL",52.0
Florida,"St. Lucie County, FL",53.0
Florida,"Lee County, FL",53.0
Florida,"DeSoto County, FL",48.0
Florida,"Lake County, FL",50.0
Florida,"Columbia County, FL",60.0
Florida,"Jefferson County, FL",51.0
Florida,"Collier County, FL",57.0
Florida,"Manatee County, FL",50.0
Florida,"Charlotte County, FL",47.0
Florida,"Flagler County, FL",52.0
Florida,"Gulf County, FL",59.0
Florida,"Okeechobee County, FL",57.0
Florida,"Gilchrist County, FL",58.0
Florida,"Madison County, FL",58.0
Florida,"Monroe County, FL",45.0
Florida,"Nassau County, FL",57.0
Florida,"Escambia County, FL",58.66666667
Florida,"Osceola County, FL",50.0
Florida,"Clay County, FL",56.0
Florida,"Santa Rosa County, FL",56.5
Florida,"Seminole County, FL",49.0
Florida,"Sumter County, FL",46.0
Florida,"Suwannee County, FL",52.0
Florida,"Taylor County, FL",61.0
Florida,"Union County, FL",57.0
Florida,"Wakulla County, FL",55.0
Florida,"Washington County, FL",61.0
Florida,"Orange County, FL",33.42857143
Florida,"Brevard County, FL",0.0
Florida,"Palm Beach County, FL",54.625
Florida,"Sarasota County, FL",52.0
Florida,"Broward County, FL",50.2
Florida,"St. Johns County, FL",61.0
Florida,"Hendry County, FL",59.0
Georgia,"Appling County, GA",45.0
Georgia,"Columbia County, GA",54.0
Georgia,"Atkinson County, GA",57.0
Georgia,"Bacon County, GA",58.0
Georgia,"Baker County, GA",40.0
Georgia,"Cherokee County, GA",60.0
Georgia,"Banks County, GA",60.0
Georgia,"Bartow County, GA",53.0
Georgia,"Ben Hill County, GA",51.0
Georgia,"Berrien County, GA",59.0
Georgia,"Bleckley County, GA",58.0
Georgia,"Brantley County, GA",59.0
Georgia,"Bryan County, GA",48.0
Georgia,"Bulloch County, GA",38.0
Georgia,"Burke County, GA",56.0
Georgia,"Butts County, GA",56.0
Georgia,"Calhoun County, GA",29.0
Georgia,"Camden County, GA",56.0
Georgia,"Candler County, GA",55.0
Georgia,"Carroll County, GA",61.0
Georgia,"Catoosa County, GA",57.5
Georgia,"Charlton County, GA",58.0
Georgia,"Chatham County, GA",46.5
Georgia,"Chattooga County, GA",59.0
Georgia,"Clarke County, GA",60.0
Georgia,"Clay County, GA",54.0
Georgia,"Clinch County, GA",30.0
Georgia,"Coffee County, GA",39.0
Georgia,"Colquitt County, GA",46.0
Georgia,"Cook County, GA",52.0
Georgia,"Crawford County, GA",29.0
Georgia,"Dade County, GA",62.0
Georgia,"Decatur County, GA",46.0
Georgia,"Dodge County, GA",44.0
Georgia,"Dooly County, GA",31.0
Georgia,"Dougherty County, GA",55.33333333
Georgia,"Early County, GA",56.0
Georgia,"Richmond County, GA",49.66666667
Georgia,"Echols County, GA",55.0
Georgia,"Effingham County, GA",52.0
Georgia,"Elbert County, GA",45.0
Georgia,"Emanuel County, GA",55.0
Georgia,"Evans County, GA",58.0
Georgia,"Fannin County, GA",53.0
Georgia,"Forsyth County, GA",52.0
Georgia,"Franklin County, GA",60.0
Georgia,"Fulton County, GA",56.66666667
Georgia,"Gilmer County, GA",47.0
Georgia,"Glascock County, GA",56.0
Georgia,"Upson County, GA",42.0
Georgia,"Greene County, GA",56.0
Georgia,"Lowndes County, GA",59.5
Georgia,"Hancock County, GA",29.0
Georgia,"Harris County, GA",45.0
Georgia,"Hart County, GA",53.0
Georgia,"Heard County, GA",45.0
Georgia,"Henry County, GA",54.0
Georgia,"Troup County, GA",49.5
Georgia,"Houston County, GA",57.0
Georgia,"Irwin County, GA",47.0
Georgia,"Jackson County, GA",59.0
Georgia,"Jasper County, GA",42.0
Georgia,"Jeff Davis County, GA",51.0
Georgia,"Jefferson County, GA",49.0
Georgia,"Jenkins County, GA",56.0
Georgia,"Johnson County, GA",60.0
Georgia,"Jones County, GA",53.0
Georgia,"Lanier County, GA",61.0
Georgia,"Laurens County, GA",43.0
Georgia,"Lee County, GA",37.0
Georgia,"Liberty County, GA",39.0
Georgia,"Lincoln County, GA",59.0
Georgia,"Long County, GA",61.0
Georgia,"Brooks County, GA",61.0
Georgia,"Crisp County, GA",56.0
Georgia,"Grady County, GA",59.0
Georgia,"Towns County, GA",52.0
Georgia,"Lumpkin County, GA",59.0
Georgia,"Macon County, GA",53.0
Georgia,"Madison County, GA",53.0
Georgia,"Marion County, GA",59.0
Georgia,"McDuffie County, GA",55.0
Georgia,"McIntosh County, GA",58.0
Georgia,"Meriwether County, GA",50.0
Georgia,"Baldwin County, GA",61.0
Georgia,"Miller County, GA",60.0
Georgia,"Lamar County, GA",60.0
Georgia,"Mitchell County, GA",55.0
Georgia,"Monroe County, GA",55.0
Georgia,"Montgomery County, GA",58.0
Georgia,"Morgan County, GA",39.0
Georgia,"Murray County, GA",57.0
Georgia,"Newton County, GA",49.0
Georgia,"Oconee County, GA",53.0
Georgia,"Oglethorpe County, GA",43.0
Georgia,"Peach County, GA",53.0
Georgia,"Pickens County, GA",46.0
Georgia,"Pierce County, GA",59.0
Georgia,"Pike County, GA",31.0
Georgia,"Polk County, GA",57.0
Georgia,"Pulaski County, GA",58.0
Georgia,"Putnam County, GA",57.0
Georgia,"Quitman County, GA",27.0
Georgia,"Rabun County, GA",61.0
Georgia,"Randolph County, GA",44.0
Georgia,"Schley County, GA",44.0
Georgia,"Screven County, GA",51.0
Georgia,"Coweta County, GA",58.0
Georgia,"DeKalb County, GA",58.5
Georgia,"Ware County, GA",58.0
Georgia,"Spalding County, GA",61.0
Georgia,"Stewart County, GA",50.0
Georgia,"Sumter County, GA",49.0
Georgia,"Talbot County, GA",60.0
Georgia,"Taliaferro County, GA",49.0
Georgia,"Tattnall County, GA",40.0
Georgia,"Taylor County, GA",42.0
Georgia,"Telfair County, GA",60.0
Georgia,"Terrell County, GA",57.0
Georgia,"Thomas County, GA",50.0
Georgia,"Toombs County, GA",50.0
Georgia,"Treutlen County, GA",51.0
Georgia,"Turner County, GA",57.0
Georgia,"Twiggs County, GA",54.0
Georgia,"Union County, GA",59.0
Georgia,"Walker County, GA",61.0
Georgia,"Walton County, GA",55.0
Georgia,"Warren County, GA",50.0
Georgia,"Washington County, GA",40.0
Georgia,"Wayne County, GA",52.0
Georgia,"Webster County, GA",59.0
Georgia,"Wheeler County, GA",35.0
Georgia,"White County, GA",53.0
Georgia,"Wilcox County, GA",56.0
Georgia,"Wilkes County, GA",49.0
Georgia,"Wilkinson County, GA",52.0
Georgia,"Worth County, GA",47.0
Georgia,"Haralson County, GA",59.0
Georgia,"Hall County, GA",0.0
Georgia,"Floyd County, GA",61.0
Georgia,"Gordon County, GA",59.0
Georgia,"Seminole County, GA",58.0
Georgia,"Bibb County, GA",54.0
Georgia,"Tift County, GA",57.0
Georgia,"Cobb County, GA",62.0
Georgia,"Glynn County, GA",60.0
Georgia,"Habersham County, GA",59.0
Georgia,"Clayton County, GA",56.0
Georgia,"Gwinnett County, GA",0.0
Hawaii,"Honolulu County, HI",33.42857143
Hawaii,"Hawaii County, HI",61.0
Hawaii,"Kalawao County, HI",61.0
Hawaii,"Maui County, HI",44.25
Hawaii,"Kauai County, HI",0.0
Idaho,"Bingham County, ID",56.0
Idaho,"Ada County, ID",59.33333333
Idaho,"Boise County, ID",50.0
Idaho,"Bonneville County, ID",54.0
Idaho,"Boundary County, ID",61.0
Idaho,"Twin Falls County, ID",61.0
Idaho,"Butte County, ID",53.0
Idaho,"Camas County, ID",58.0
Idaho,"Caribou County, ID",56.0
Idaho,"Clark County, ID",44.0
Idaho,"Bonner County, ID",59.0
Idaho,"Custer County, ID",58.0
Idaho,"Bannock County, ID",56.0
Idaho,"Kootenai County, ID",60.0
Idaho,"Jerome County, ID",54.5
Idaho,"Gem County, ID",53.0
Idaho,"Elmore County, ID",45.0
Idaho,"Gooding County, ID",61.0
Idaho,"Jefferson County, ID",59.0
Idaho,"Canyon County, ID",60.0
Idaho,"Latah County, ID",61.0
Idaho,"Lincoln County, ID",61.0
Idaho,"Idaho County, ID",61.0
Idaho,"Lemhi County, ID",60.0
Idaho,"Madison County, ID",55.0
Idaho,"Nez Perce County, ID",56.0
Idaho,"Minidoka County, ID",60.0
Idaho,"Oneida County, ID",56.0
Idaho,"Owyhee County, ID",49.0
Idaho,"Payette County, ID",54.0
Idaho,"Clearwater County, ID",60.0
Idaho,"Shoshone County, ID",58.0
Idaho,"Teton County, ID",58.0
Idaho,"Fremont County, ID",61.0
Idaho,"Washington County, ID",54.0
Idaho,"Benewah County, ID",60.0
Idaho,"Lewis County, ID",52.0
Idaho,"Valley County, ID",58.0
Idaho,"Adams County, ID",61.0
Illinois,"Alexander County, IL",29.0
Illinois,"Marion County, IL",58.5
Illinois,"Fulton County, IL",50.5
Illinois,"Hancock County, IL",58.5
Illinois,"Cook County, IL",53.6
Illinois,"Jefferson County, IL",55.5
Illinois,"Perry County, IL",56.0
Illinois,"Henderson County, IL",55.0
Illinois,"Williamson County, IL",59.5
Illinois,"Brown County, IL",36.0
Illinois,"Calhoun County, IL",57.0
Illinois,"Carroll County, IL",60.0
Illinois,"Cass County, IL",57.0
Illinois,"Kane County, IL",57.0
Illinois,"Champaign County, IL",38.66666667
Illinois,"Lee County, IL",60.0
Illinois,"Peoria County, IL",54.0
Illinois,"Clay County, IL",52.0
Illinois,"Adams County, IL",56.0
Illinois,"Whiteside County, IL",57.5
Illinois,"Knox County, IL",58.5
Illinois,"De Witt County, IL",0.0
Illinois,"Hamilton County, IL",56.0
Illinois,"Washington County, IL",0.0
Illinois,"Edgar County, IL",58.0
Illinois,"Edwards County, IL",61.0
Illinois,"Effingham County, IL",60.0
Illinois,"Logan County, IL",52.0
Illinois,"Jersey County, IL",59.0
Illinois,"Fayette County, IL",60.0
Illinois,"Mason County, IL",59.0
Illinois,"Franklin County, IL",55.0
Illinois,"Gallatin County, IL",48.0
Illinois,"Macoupin County, IL",60.0
Illinois,"Greene County, IL",57.0
Illinois,"Cumberland County, IL",61.0
Illinois,"Hardin County, IL",57.0
Illinois,"Henry County, IL",59.5
Illinois,"Shelby County, IL",54.66666667
Illinois,"Montgomery County, IL",58.0
Illinois,"Jackson County, IL",45.0
Illinois,"Jo Daviess County, IL",61.0
Illinois,"Johnson County, IL",57.0
Illinois,"Kankakee County, IL",51.0
Illinois,"Lawrence County, IL",58.0
Illinois,"Wayne County, IL",57.33333333
Illinois,"Clark County, IL",50.0
Illinois,"Saline County, IL",56.0
Illinois,"Macon County, IL",49.0
Illinois,"Madison County, IL",40.33333333
Illinois,"Marshall County, IL",61.0
Illinois,"Massac County, IL",55.0
Illinois,"McDonough County, IL",61.0
Illinois,"McLean County, IL",49.0
Illinois,"Livingston County, IL",60.0
Illinois,"Lake County, IL",15.0
Illinois,"Christian County, IL",60.0
Illinois,"Pike County, IL",57.0
Illinois,"Pope County, IL",36.0
Illinois,"Monroe County, IL",55.0
Illinois,"Pulaski County, IL",25.0
Illinois,"Richland County, IL",62.0
Illinois,"Iroquois County, IL",56.0
Illinois,"Warren County, IL",0.0
Illinois,"Schuyler County, IL",56.0
Illinois,"Scott County, IL",56.0
Illinois,"Sangamon County, IL",53.0
Illinois,"St. Clair County, IL",57.5
Illinois,"Clinton County, IL",54.0
Illinois,"Jasper County, IL",58.0
Illinois,"Bond County, IL",61.0
Illinois,"Union County, IL",58.0
Illinois,"Wabash County, IL",62.0
Illinois,"Morgan County, IL",0.0
Illinois,"Stark County, IL",60.0
Illinois,"White County, IL",47.0
Illinois,"Ogle County, IL",60.0
Illinois,"Winnebago County, IL",50.0
Illinois,"Stephenson County, IL",57.5
Illinois,"Mercer County, IL",0.0
Illinois,"DeKalb County, IL",59.0
Illinois,"Vermilion County, IL",60.0
Illinois,"Will County, IL",30.0
Illinois,"Coles County, IL",62.0
Illinois,"Rock Island County, IL",59.0
Illinois,"DuPage County, IL",0.0
Illinois,"McHenry County, IL",0.0
Indiana,"Brown County, IN",54.0
Indiana,"Ripley County, IN",58.5
Indiana,"Cass County, IN",57.0
Indiana,"Lake County, IN",52.25
Indiana,"Clay County, IN",55.0
Indiana,"Crawford County, IN",58.0
Indiana,"Daviess County, IN",54.0
Indiana,"Fountain County, IN",60.0
Indiana,"Franklin County, IN",61.0
Indiana,"Greene County, IN",61.0
Indiana,"Posey County, IN",57.5
Indiana,"Howard County, IN",61.0
Indiana,"Johnson County, IN",60.0
Indiana,"Marion County, IN",42.1
Indiana,"Martin County, IN",57.0
Indiana,"Jefferson County, IN",55.5
Indiana,"Gibson County, IN",55.5
Indiana,"Ohio County, IN",55.0
Indiana,"Owen County, IN",52.0
Indiana,"Parke County, IN",57.0
Indiana,"Pike County, IN",54.0
Indiana,"Marshall County, IN",58.0
Indiana,"Randolph County, IN",60.0
Indiana,"Huntington County, IN",52.0
Indiana,"Decatur County, IN",61.0
Indiana,"Scott County, IN",61.0
Indiana,"Spencer County, IN",60.0
Indiana,"St. Joseph County, IN",39.66666667
Indiana,"Starke County, IN",53.0
Indiana,"Switzerland County, IN",52.0
Indiana,"Tippecanoe County, IN",47.0
Indiana,"Union County, IN",58.5
Indiana,"Vanderburgh County, IN",61.0
Indiana,"Fayette County, IN",29.0
Indiana,"Carroll County, IN",66.0
Indiana,"La Porte County, IN",71.0
Indiana,"Elkhart County, IN",0.0
Indiana,"Jackson County, IN",0.0
Indiana,"Porter County, IN",0.0
Indiana,"Miami County, IN",70.0
Indiana,"Monroe County, IN",64.0
Indiana,"Newton County, IN",72.0
Indiana,"Vermillion County, IN",65.0
Indiana,"Warren County, IN",64.0
Indiana,"Lawrence County, IN",62.0
Indiana,"Blackford County, IN",56.0
Indiana,"Henry County, IN",56.0
Indiana,"Wabash County, IN",57.0
Indiana,"Adams County, IN",61.0
Indiana,"Delaware County, IN",57.0
Indiana,"Fulton County, IN",58.0
Indiana,"Grant County, IN",59.0
Indiana,"Jay County, IN",61.0
Indiana,"Knox County, IN",56.0
Indiana,"Perry County, IN",61.0
Indiana,"Pulaski County, IN",61.0
Indiana,"Allen County, IN",59.0
Indiana,"Vigo County, IN",60.0
Indiana,"Kosciusko County, IN",57.0
Indiana,"Wayne County, IN",58.0
Indiana,"Bartholomew County, IN",57.0
Indiana,"Montgomery County, IN",58.0
Indiana,"Floyd County, IN",61.0
Indiana,"Orange County, IN",59.0
Indiana,"Clark County, IN",76.0
Indiana,"Rush County, IN",75.0
Iowa,"Allamakee County, IA",58.5
Iowa,"Appanoose County, IA",57.0
Iowa,"Ringgold County, IA",55.5
Iowa,"Audubon County, IA",59.0
Iowa,"Butler County, IA",59.75
Iowa,"Taylor County, IA",48.0
Iowa,"Benton County, IA",59.0
Iowa,"Black Hawk County, IA",52.0
Iowa,"Harrison County, IA",60.5
Iowa,"Chickasaw County, IA",24.0
Iowa,"Kossuth County, IA",51.66666667
Iowa,"Winneshiek County, IA",55.0
Iowa,"Sioux County, IA",58.0
Iowa,"Pocahontas County, IA",53.5
Iowa,"Clinton County, IA",55.5
Iowa,"Shelby County, IA",57.0
Iowa,"Buchanan County, IA",58.5
Iowa,"Monona County, IA",59.5
Iowa,"Decatur County, IA",60.0
Iowa,"Delaware County, IA",44.5
Iowa,"Montgomery County, IA",58.0
Iowa,"Dubuque County, IA",52.0
Iowa,"Lyon County, IA",57.0
Iowa,"Iowa County, IA",61.0
Iowa,"Hardin County, IA",61.0
Iowa,"Howard County, IA",57.0
Iowa,"Franklin County, IA",59.0
Iowa,"Fremont County, IA",61.0
Iowa,"Clayton County, IA",55.0
Iowa,"Adair County, IA",54.0
Iowa,"O'Brien County, IA",58.0
Iowa,"Humboldt County, IA",59.0
Iowa,"Boone County, IA",60.5
Iowa,"Keokuk County, IA",56.0
Iowa,"Henry County, IA",61.0
Iowa,"Jefferson County, IA",61.0
Iowa,"Lee County, IA",61.0
Iowa,"Van Buren County, IA",61.0
Iowa,"Wapello County, IA",63.0
Iowa,"Lucas County, IA",60.0
Iowa,"Mills County, IA",57.5
Iowa,"Marshall County, IA",61.0
Iowa,"Monroe County, IA",56.0
Iowa,"Osceola County, IA",54.0
Iowa,"Clarke County, IA",57.0
Iowa,"Crawford County, IA",61.0
Iowa,"Jones County, IA",53.0
Iowa,"Palo Alto County, IA",55.0
Iowa,"Mahaska County, IA",60.33333333
Iowa,"Cass County, IA",61.0
Iowa,"Polk County, IA",60.0
Iowa,"Plymouth County, IA",58.5
Iowa,"Pottawattamie County, IA",50.0
Iowa,"Adams County, IA",53.0
Iowa,"Sac County, IA",54.0
Iowa,"Scott County, IA",58.0
Iowa,"Bremer County, IA",53.0
Iowa,"Tama County, IA",54.0
Iowa,"Guthrie County, IA",54.0
Iowa,"Union County, IA",52.0
Iowa,"Des Moines County, IA",60.0
Iowa,"Louisa County, IA",60.0
Iowa,"Wayne County, IA",57.0
Iowa,"Fayette County, IA",56.0
Iowa,"Woodbury County, IA",67.0
Iowa,"Carroll County, IA",0.0
Iowa,"Buena Vista County, IA",0.0
Iowa,"Muscatine County, IA",66.0
Iowa,"Webster County, IA",0.0
Iowa,"Wright County, IA",0.0
Iowa,"Story County, IA",59.0
Iowa,"Linn County, IA",0.0
Kansas,"Riley County, KS",53.0
Kansas,"Ford County, KS",54.5
Kansas,"Butler County, KS",48.0
Kansas,"Sumner County, KS",0.0
Kansas,"McPherson County, KS",57.5
Kansas,"Atchison County, KS",59.0
Kansas,"Chase County, KS",58.0
Kansas,"Chautauqua County, KS",52.0
Kansas,"Cherokee County, KS",55.0
Kansas,"Neosho County, KS",57.0
Kansas,"Cloud County, KS",53.0
Kansas,"Comanche County, KS",55.0
Kansas,"Morris County, KS",0.0
Kansas,"Kearny County, KS",0.0
Kansas,"Cowley County, KS",53.0
Kansas,"Doniphan County, KS",57.0
Kansas,"Kingman County, KS",59.0
Kansas,"Shawnee County, KS",62.0
Kansas,"Elk County, KS",40.0
Kansas,"Ellis County, KS",61.0
Kansas,"Ellsworth County, KS",60.0
Kansas,"Meade County, KS",49.0
Kansas,"Geary County, KS",56.5
Kansas,"Graham County, KS",53.0
Kansas,"Gray County, KS",48.0
Kansas,"Greenwood County, KS",56.0
Kansas,"Hamilton County, KS",60.0
Kansas,"Harper County, KS",59.0
Kansas,"Jackson County, KS",53.0
Kansas,"Jefferson County, KS",51.0
Kansas,"Jewell County, KS",45.0
Kansas,"Kiowa County, KS",61.0
Kansas,"Lane County, KS",54.0
Kansas,"Lincoln County, KS",49.0
Kansas,"Linn County, KS",52.0
Kansas,"Logan County, KS",59.0
Kansas,"Allen County, KS",52.0
Kansas,"Barber County, KS",55.0
Kansas,"Brown County, KS",50.0
Kansas,"Clark County, KS",52.0
Kansas,"Clay County, KS",59.0
Kansas,"Decatur County, KS",43.0
Kansas,"Gove County, KS",45.0
Kansas,"Marion County, KS",50.0
Kansas,"Marshall County, KS",59.0
Kansas,"Mitchell County, KS",57.0
Kansas,"Nemaha County, KS",52.0
Kansas,"Ness County, KS",59.0
Kansas,"Ottawa County, KS",55.0
Kansas,"Pratt County, KS",57.0
Kansas,"Russell County, KS",50.0
Kansas,"Scott County, KS",51.0
Kansas,"Sheridan County, KS",58.0
Kansas,"Sherman County, KS",58.0
Kansas,"Stanton County, KS",61.0
Kansas,"Wilson County, KS",61.0
Kansas,"Barton County, KS",57.0
Kansas,"Crawford County, KS",54.0
Kansas,"Bourbon County, KS",0.0
Kansas,"Montgomery County, KS",56.0
Kansas,"Norton County, KS",55.0
Kansas,"Osage County, KS",57.0
Kansas,"Miami County, KS",58.0
Kansas,"Pawnee County, KS",51.0
Kansas,"Phillips County, KS",61.0
Kansas,"Franklin County, KS",60.0
Kansas,"Rawlins County, KS",57.0
Kansas,"Republic County, KS",42.0
Kansas,"Rice County, KS",53.0
Kansas,"Morton County, KS",60.0
Kansas,"Rooks County, KS",55.0
Kansas,"Sedgwick County, KS",51.5
Kansas,"Smith County, KS",56.0
Kansas,"Saline County, KS",57.0
Kansas,"Labette County, KS",54.0
Kansas,"Stafford County, KS",54.0
Kansas,"Trego County, KS",60.0
Kansas,"Wabaunsee County, KS",57.0
Kansas,"Wallace County, KS",57.0
Kansas,"Washington County, KS",41.0
Kansas,"Reno County, KS",50.0
Kansas,"Woodson County, KS",38.0
Kansas,"Wyandotte County, KS",51.0
Kansas,"Finney County, KS",0.0
Kansas,"Harvey County, KS",0.0
Kansas,"Anderson County, KS",54.0
Kansas,"Lyon County, KS",46.0
Kansas,"Douglas County, KS",47.0
Kansas,"Rush County, KS",52.0
Kansas,"Cheyenne County, KS",51.0
Kansas,"Edwards County, KS",61.0
Kansas,"Haskell County, KS",60.0
Kansas,"Hodgeman County, KS",61.0
Kansas,"Osborne County, KS",51.0
Kansas,"Wichita County, KS",61.0
Kentucky,"Adair County, KY",58.0
Kentucky,"Allen County, KY",57.0
Kentucky,"Ballard County, KY",53.0
Kentucky,"Bath County, KY",54.0
Kentucky,"Bell County, KY",53.0
Kentucky,"Harrison County, KY",61.0
Kentucky,"Boyd County, KY",45.0
Kentucky,"Bracken County, KY",61.0
Kentucky,"Breathitt County, KY",58.0
Kentucky,"Breckinridge County, KY",60.0
Kentucky,"Perry County, KY",52.5
Kentucky,"Bullitt County, KY",55.0
Kentucky,"Butler County, KY",56.0
Kentucky,"Caldwell County, KY",61.0
Kentucky,"Carlisle County, KY",56.0
Kentucky,"Carroll County, KY",61.0
Kentucky,"Carter County, KY",60.0
Kentucky,"Casey County, KY",46.0
Kentucky,"McCracken County, KY",49.0
Kentucky,"Hopkins County, KY",53.5
Kentucky,"Jefferson County, KY",56.75
Kentucky,"Christian County, KY",60.0
Kentucky,"Clay County, KY",52.0
Kentucky,"Clinton County, KY",58.0
Kentucky,"Cumberland County, KY",62.0
Kentucky,"Campbell County, KY",56.5
Kentucky,"Edmonson County, KY",53.0
Kentucky,"Elliott County, KY",44.0
Kentucky,"Estill County, KY",52.0
Kentucky,"Fayette County, KY",59.0
Kentucky,"Fulton County, KY",46.0
Kentucky,"Garrard County, KY",61.0
Kentucky,"Graves County, KY",61.0
Kentucky,"Green County, KY",55.0
Kentucky,"Greenup County, KY",59.0
Kentucky,"Hancock County, KY",61.0
Kentucky,"Harlan County, KY",56.0
Kentucky,"Hart County, KY",60.0
Kentucky,"Henderson County, KY",55.0
Kentucky,"Hickman County, KY",56.0
Kentucky,"Jackson County, KY",50.0
Kentucky,"Johnson County, KY",60.0
Kentucky,"Kenton County, KY",52.0
Kentucky,"Knott County, KY",49.0
Kentucky,"Knox County, KY",51.0
Kentucky,"Larue County, KY",58.0
Kentucky,"Lee County, KY",53.0
Kentucky,"Leslie County, KY",54.0
Kentucky,"Letcher County, KY",48.0
Kentucky,"Lewis County, KY",56.0
Kentucky,"Lincoln County, KY",52.0
Kentucky,"Livingston County, KY",59.0
Kentucky,"Logan County, KY",48.0
Kentucky,"Grayson County, KY",58.0
Kentucky,"Lyon County, KY",57.0
Kentucky,"Madison County, KY",49.0
Kentucky,"Magoffin County, KY",61.0
Kentucky,"Marion County, KY",42.0
Kentucky,"Marshall County, KY",59.0
Kentucky,"Martin County, KY",58.0
Kentucky,"Mason County, KY",57.0
Kentucky,"McCreary County, KY",50.0
Kentucky,"McLean County, KY",55.0
Kentucky,"Meade County, KY",60.0
Kentucky,"Menifee County, KY",49.0
Kentucky,"Mercer County, KY",59.0
Kentucky,"Metcalfe County, KY",53.0
Kentucky,"Monroe County, KY",62.0
Kentucky,"Montgomery County, KY",55.0
Kentucky,"Morgan County, KY",54.0
Kentucky,"Muhlenberg County, KY",61.0
Kentucky,"Nelson County, KY",54.0
Kentucky,"Nicholas County, KY",51.0
Kentucky,"Ohio County, KY",56.0
Kentucky,"Owen County, KY",57.0
Kentucky,"Owsley County, KY",49.0
Kentucky,"Pike County, KY",44.0
Kentucky,"Powell County, KY",60.0
Kentucky,"Pulaski County, KY",58.0
Kentucky,"Robertson County, KY",46.0
Kentucky,"Rockcastle County, KY",59.0
Kentucky,"Russell County, KY",59.0
Kentucky,"Scott County, KY",55.0
Kentucky,"Warren County, KY",59.0
Kentucky,"Hardin County, KY",53.0
Kentucky,"Lawrence County, KY",53.0
Kentucky,"Spencer County, KY",45.0
Kentucky,"Taylor County, KY",59.0
Kentucky,"Todd County, KY",62.0
Kentucky,"Trigg County, KY",60.0
Kentucky,"Trimble County, KY",59.0
Kentucky,"Union County, KY",57.0
Kentucky,"Washington County, KY",61.0
Kentucky,"Wayne County, KY",56.0
Kentucky,"Webster County, KY",61.0
Kentucky,"Barren County, KY",58.0
Kentucky,"Whitley County, KY",58.0
Kentucky,"Wolfe County, KY",61.0
Kentucky,"Crittenden County, KY",58.0
Louisiana,"Acadia Parish, LA",61.0
Louisiana,"Allen Parish, LA",60.0
Louisiana,"Ascension Parish, LA",56.0
Louisiana,"Assumption Parish, LA",59.0
Louisiana,"Avoyelles Parish, LA",58.0
Louisiana,"Beauregard Parish, LA",49.0
Louisiana,"Bienville Parish, LA",51.0
Louisiana,"Bossier Parish, LA",52.5
Louisiana,"Jefferson Parish, LA",53.5
Louisiana,"Caddo Parish, LA",53.0
Louisiana,"Calcasieu Parish, LA",54.0
Louisiana,"Caldwell Parish, LA",57.0
Louisiana,"Cameron Parish, LA",55.5
Louisiana,"Catahoula Parish, LA",58.0
Louisiana,"Claiborne Parish, LA",46.0
Louisiana,"Concordia Parish, LA",50.0
Louisiana,"De Soto Parish, LA",54.0
Louisiana,"East Baton Rouge Parish, LA",59.0
Louisiana,"East Carroll Parish, LA",59.0
Louisiana,"East Feliciana Parish, LA",60.0
Louisiana,"Evangeline Parish, LA",34.0
Louisiana,"Lafayette Parish, LA",53.0
Louisiana,"Franklin Parish, LA",49.0
Louisiana,"Grant Parish, LA",58.0
Louisiana,"Iberia Parish, LA",57.0
Louisiana,"Iberville Parish, LA",61.0
Louisiana,"Jackson Parish, LA",52.0
Louisiana,"Jefferson Davis Parish, LA",60.0
Louisiana,"Lafourche Parish, LA",55.0
Louisiana,"LaSalle Parish, LA",60.0
Louisiana,"Lincoln Parish, LA",60.0
Louisiana,"Livingston Parish, LA",53.0
Louisiana,"Madison Parish, LA",42.0
Louisiana,"Morehouse Parish, LA",58.0
Louisiana,"Natchitoches Parish, LA",56.0
Louisiana,"Orleans Parish, LA",54.5
Louisiana,"Plaquemines Parish, LA",49.0
Louisiana,"Pointe Coupee Parish, LA",54.0
Louisiana,"Ouachita Parish, LA",53.5
Louisiana,"Rapides Parish, LA",54.0
Louisiana,"Red River Parish, LA",45.0
Louisiana,"Richland Parish, LA",59.0
Louisiana,"Sabine Parish, LA",56.0
Louisiana,"St. Bernard Parish, LA",52.0
Louisiana,"St. Charles Parish, LA",55.0
Louisiana,"St. Helena Parish, LA",52.0
Louisiana,"St. James Parish, LA",60.0
Louisiana,"St. John the Baptist Parish, LA",61.0
Louisiana,"St. Landry Parish, LA",40.0
Louisiana,"St. Martin Parish, LA",59.0
Louisiana,"St. Mary Parish, LA",58.0
Louisiana,"St. Tammany Parish, LA",55.0
Louisiana,"Tangipahoa Parish, LA",57.0
Louisiana,"Tensas Parish, LA",41.0
Louisiana,"Terrebonne Parish, LA",57.0
Louisiana,"Union Parish, LA",51.0
Louisiana,"Vermilion Parish, LA",53.0
Louisiana,"Vernon Parish, LA",37.0
Louisiana,"Washington Parish, LA",57.0
Louisiana,"Webster Parish, LA",62.0
Louisiana,"West Baton Rouge Parish, LA",59.0
Louisiana,"West Carroll Parish, LA",57.0
Louisiana,"West Feliciana Parish, LA",61.0
Louisiana,"Winn Parish, LA",55.0
Maine,"Androscoggin County, ME",57.75
Maine,"Kennebec County, ME",59.0
Maine,"Somerset County, ME",28.0
Maine,"Knox County, ME",53.0
Maine,"Aroostook County, ME",46.16666667
Maine,"Penobscot County, ME",40.25
Maine,"Cumberland County, ME",54.0
Maine,"Washington County, ME",26.75
Maine,"Franklin County, ME",39.66666667
Maine,"Piscataquis County, ME",56.33333333
Maine,"Lincoln County, ME",54.0
Maine,"Oxford County, ME",45.4
Maine,"York County, ME",65.5
Maine,"Sagadahoc County, ME",56.0
Maine,"Hancock County, ME",38.75
Maine,"Waldo County, ME",60.0
Maryland,"Prince George's County, MD",38.83333333
Maryland,"Montgomery County, MD",28.5
Maryland,"Baltimore City, MD",54.85714286
Maryland,"Calvert County, MD",60.0
Maryland,"Caroline County, MD",60.0
Maryland,"St. Mary's County, MD",52.5
Maryland,"Charles County, MD",37.66666667
Maryland,"Cecil County, MD",58.0
Maryland,"Queen Anne's County, MD",57.5
Maryland,"Frederick County, MD",58.0
Maryland,"Garrett County, MD",42.0
Maryland,"Washington County, MD",57.8
Maryland,"Baltimore County, MD",61.0
Maryland,"Kent County, MD",61.0
Maryland,"Anne Arundel County, MD",61.5
Maryland,"Somerset County, MD",58.0
Maryland,"Wicomico County, MD",57.5
Maryland,"Talbot County, MD",55.0
Maryland,"Worcester County, MD",58.0
Maryland,"Allegany County, MD",56.0
Maryland,"Dorchester County, MD",53.0
Maryland,"Harford County, MD",68.0
Maryland,"Carroll County, MD",67.0
Massachusetts,"Barnstable County, MA",56.33333333
Massachusetts,"Berkshire County, MA",46.0
Massachusetts,"Hampden County, MA",57.875
Massachusetts,"Bristol County, MA",58.0
Massachusetts,"Worcester County, MA",49.42857143
Massachusetts,"Plymouth County, MA",50.5
Massachusetts,"Essex County, MA",57.4
Massachusetts,"Franklin County, MA",19.66666667
Massachusetts,"Hampshire County, MA",61.0
Massachusetts,"Middlesex County, MA",60.0
Massachusetts,"Norfolk County, MA",57.0
Massachusetts,"Suffolk County, MA",52.0
Massachusetts,"Dukes County, MA",90.0
Michigan,"Wayne County, MI",48.42105263
Michigan,"Alcona County, MI",52.0
Michigan,"Alger County, MI",53.0
Michigan,"Allegan County, MI",59.0
Michigan,"Antrim County, MI",61.0
Michigan,"Arenac County, MI",56.0
Michigan,"Iosco County, MI",58.5
Michigan,"Delta County, MI",50.0
Michigan,"Baraga County, MI",59.0
Michigan,"Calhoun County, MI",54.0
Michigan,"Charlevoix County, MI",56.5
Michigan,"Berrien County, MI",64.0
Michigan,"Branch County, MI",49.0
Michigan,"Newaygo County, MI",55.5
Michigan,"Osceola County, MI",53.0
Michigan,"Cass County, MI",60.0
Michigan,"Macomb County, MI",25.0
Michigan,"Ottawa County, MI",59.0
Michigan,"Ingham County, MI",59.5
Michigan,"Cheboygan County, MI",60.0
Michigan,"Chippewa County, MI",55.0
Michigan,"Oakland County, MI",55.0
Michigan,"Crawford County, MI",61.0
Michigan,"Emmet County, MI",73.0
Michigan,"Sanilac County, MI",57.5
Michigan,"Genesee County, MI",48.66666667
Michigan,"Gogebic County, MI",56.0
Michigan,"Gratiot County, MI",61.0
Michigan,"Hillsdale County, MI",49.0
Michigan,"Houghton County, MI",56.0
Michigan,"Iron County, MI",45.0
Michigan,"Kalkaska County, MI",60.0
Michigan,"Keweenaw County, MI",50.0
Michigan,"Lake County, MI",21.0
Michigan,"Leelanau County, MI",61.0
Michigan,"Clare County, MI",59.0
Michigan,"Gladwin County, MI",59.0
Michigan,"Ogemaw County, MI",61.0
Michigan,"Isabella County, MI",56.0
Michigan,"Mackinac County, MI",54.0
Michigan,"Manistee County, MI",58.5
Michigan,"Mecosta County, MI",61.0
Michigan,"Menominee County, MI",59.0
Michigan,"Midland County, MI",59.0
Michigan,"Missaukee County, MI",49.0
Michigan,"Monroe County, MI",58.5
Michigan,"Montmorency County, MI",55.0
Michigan,"Oceana County, MI",46.0
Michigan,"Ontonagon County, MI",61.0
Michigan,"Oscoda County, MI",50.0
Michigan,"Presque Isle County, MI",55.0
Michigan,"Roscommon County, MI",52.0
Michigan,"Saginaw County, MI",51.0
Michigan,"St. Clair County, MI",64.0
Michigan,"St. Joseph County, MI",61.0
Michigan,"Livingston County, MI",61.0
Michigan,"Washtenaw County, MI",68.33333333
Michigan,"Van Buren County, MI",59.5
Michigan,"Jackson County, MI",0.0
Michigan,"Barry County, MI",0.0
Michigan,"Eaton County, MI",0.0
Michigan,"Montcalm County, MI",0.0
Michigan,"Lenawee County, MI",0.0
Michigan,"Muskegon County, MI",0.0
Michigan,"Shiawassee County, MI",74.0
Michigan,"Wexford County, MI",0.0
Michigan,"Kent County, MI",70.0
Michigan,"Marquette County, MI",75.0
Michigan,"Kalamazoo County, MI",46.0
Michigan,"Alpena County, MI",57.0
Michigan,"Benzie County, MI",57.0
Michigan,"Huron County, MI",58.0
Michigan,"Grand Traverse County, MI",50.0
Minnesota,"Mower County, MN",59.0
Minnesota,"Aitkin County, MN",51.0
Minnesota,"St. Louis County, MN",56.0
Minnesota,"Lyon County, MN",53.5
Minnesota,"Otter Tail County, MN",53.14285714
Minnesota,"Beltrami County, MN",57.0
Minnesota,"Benton County, MN",57.5
Minnesota,"Morrison County, MN",50.0
Minnesota,"Sherburne County, MN",60.0
Minnesota,"McLeod County, MN",56.5
Minnesota,"Cass County, MN",50.0
Minnesota,"Hennepin County, MN",52.25
Minnesota,"Clay County, MN",53.5
Minnesota,"Clearwater County, MN",55.0
Minnesota,"Big Stone County, MN",50.0
Minnesota,"Wright County, MN",59.0
Minnesota,"Stearns County, MN",59.66666667
Minnesota,"Ramsey County, MN",56.0
Minnesota,"Itasca County, MN",53.5
Minnesota,"Becker County, MN",52.0
Minnesota,"Dodge County, MN",54.0
Minnesota,"Mille Lacs County, MN",53.0
Minnesota,"Wabasha County, MN",52.0
Minnesota,"Nobles County, MN",49.0
Minnesota,"Rice County, MN",59.0
Minnesota,"Renville County, MN",52.75
Minnesota,"Fillmore County, MN",58.0
Minnesota,"Meeker County, MN",60.0
Minnesota,"Grant County, MN",59.0
Minnesota,"Houston County, MN",60.0
Minnesota,"Koochiching County, MN",52.33333333
Minnesota,"Lincoln County, MN",55.5
Minnesota,"Jackson County, MN",60.0
Minnesota,"Kittson County, MN",61.0
Minnesota,"Chisago County, MN",51.5
Minnesota,"Pope County, MN",53.0
Minnesota,"Mahnomen County, MN",59.0
Minnesota,"Marshall County, MN",61.0
Minnesota,"Martin County, MN",57.66666667
Minnesota,"Carlton County, MN",51.0
Minnesota,"Murray County, MN",59.0
Minnesota,"Winona County, MN",59.0
Minnesota,"Norman County, MN",61.0
Minnesota,"Wadena County, MN",60.0
Minnesota,"Nicollet County, MN",60.0
Minnesota,"Pennington County, MN",62.0
Minnesota,"Pine County, MN",60.0
Minnesota,"Polk County, MN",59.0
Minnesota,"Red Lake County, MN",51.0
Minnesota,"Redwood County, MN",61.0
Minnesota,"Roseau County, MN",58.0
Minnesota,"Sibley County, MN",61.0
Minnesota,"Waseca County, MN",30.0
Minnesota,"Swift County, MN",60.0
Minnesota,"Todd County, MN",53.5
Minnesota,"Traverse County, MN",61.0
Minnesota,"Pipestone County, MN",60.5
Minnesota,"Watonwan County, MN",59.0
Minnesota,"Cottonwood County, MN",57.0
Minnesota,"Wilkin County, MN",59.0
Minnesota,"Douglas County, MN",60.0
Minnesota,"Yellow Medicine County, MN",60.0
Minnesota,"Cook County, MN",57.0
Minnesota,"Hubbard County, MN",58.0
Minnesota,"Lac qui Parle County, MN",59.0
Minnesota,"Lake of the Woods County, MN",51.0
Minnesota,"Rock County, MN",60.0
Minnesota,"Brown County, MN",58.0
Minnesota,"Blue Earth County, MN",30.0
Minnesota,"Faribault County, MN",60.0
Minnesota,"Freeborn County, MN",60.0
Minnesota,"Lake County, MN",57.0
Mississippi,"Adams County, MS",51.0
Mississippi,"Alcorn County, MS",44.0
Mississippi,"Amite County, MS",29.0
Mississippi,"Attala County, MS",40.0
Mississippi,"Benton County, MS",23.0
Mississippi,"Bolivar County, MS",34.0
Mississippi,"Calhoun County, MS",37.0
Mississippi,"Carroll County, MS",43.0
Mississippi,"Chickasaw County, MS",31.0
Mississippi,"Choctaw County, MS",44.0
Mississippi,"Claiborne County, MS",26.0
Mississippi,"Clarke County, MS",42.0
Mississippi,"Clay County, MS",40.0
Mississippi,"Coahoma County, MS",29.0
Mississippi,"Copiah County, MS",38.0
Mississippi,"Covington County, MS",48.0
Mississippi,"DeSoto County, MS",47.0
Mississippi,"Forrest County, MS",54.0
Mississippi,"Jackson County, MS",59.0
Mississippi,"Franklin County, MS",57.0
Mississippi,"George County, MS",53.0
Mississippi,"Greene County, MS",36.0
Mississippi,"Grenada County, MS",41.0
Mississippi,"Hancock County, MS",49.0
Mississippi,"Harrison County, MS",53.5
Mississippi,"Hinds County, MS",55.25
Mississippi,"Holmes County, MS",31.0
Mississippi,"Humphreys County, MS",32.0
Mississippi,"Issaquena County, MS",19.0
Mississippi,"Itawamba County, MS",48.0
Mississippi,"Jasper County, MS",38.0
Mississippi,"Jefferson Davis County, MS",26.0
Mississippi,"Jefferson County, MS",37.0
Mississippi,"Jones County, MS",45.0
Mississippi,"Kemper County, MS",22.0
Mississippi,"Lafayette County, MS",53.0
Mississippi,"Lamar County, MS",41.0
Mississippi,"Lauderdale County, MS",53.0
Mississippi,"Lawrence County, MS",51.0
Mississippi,"Leake County, MS",36.0
Mississippi,"Lee County, MS",57.0
Mississippi,"Leflore County, MS",29.0
Mississippi,"Lincoln County, MS",45.0
Mississippi,"Lowndes County, MS",45.0
Mississippi,"Madison County, MS",36.0
Mississippi,"Marion County, MS",40.0
Mississippi,"Marshall County, MS",26.0
Mississippi,"Monroe County, MS",44.0
Mississippi,"Montgomery County, MS",27.0
Mississippi,"Neshoba County, MS",38.0
Mississippi,"Newton County, MS",32.0
Mississippi,"Noxubee County, MS",26.0
Mississippi,"Oktibbeha County, MS",47.0
Mississippi,"Panola County, MS",31.0
Mississippi,"Pearl River County, MS",43.0
Mississippi,"Perry County, MS",44.0
Mississippi,"Pike County, MS",52.0
Mississippi,"Pontotoc County, MS",44.0
Mississippi,"Prentiss County, MS",42.0
Mississippi,"Quitman County, MS",32.0
Mississippi,"Rankin County, MS",52.66666667
Mississippi,"Scott County, MS",38.0
Mississippi,"Sharkey County, MS",30.0
Mississippi,"Simpson County, MS",42.0
Mississippi,"Smith County, MS",44.0
Mississippi,"Stone County, MS",45.0
Mississippi,"Sunflower County, MS",32.0
Mississippi,"Tallahatchie County, MS",30.0
Mississippi,"Tate County, MS",35.0
Mississippi,"Tippah County, MS",56.0
Mississippi,"Tishomingo County, MS",58.0
Mississippi,"Tunica County, MS",30.0
Mississippi,"Union County, MS",43.0
Mississippi,"Walthall County, MS",30.0
Mississippi,"Warren County, MS",50.0
Mississippi,"Washington County, MS",39.0
Mississippi,"Wayne County, MS",35.0
Mississippi,"Webster County, MS",32.0
Mississippi,"Wilkinson County, MS",32.0
Mississippi,"Winston County, MS",32.0
Mississippi,"Yalobusha County, MS",25.0
Mississippi,"Yazoo County, MS",32.0
Missouri,"Camden County, MO",57.5
Missouri,"Saline County, MO",21.5
Missouri,"Atchison County, MO",59.0
Missouri,"Nodaway County, MO",55.0
Missouri,"Callaway County, MO",51.0
Missouri,"Osage County, MO",54.5
Missouri,"Vernon County, MO",56.33333333
Missouri,"Barry County, MO",50.0
Missouri,"Benton County, MO",44.0
Missouri,"Andrew County, MO",57.0
Missouri,"Linn County, MO",58.0
Missouri,"Bollinger County, MO",46.0
Missouri,"Gasconade County, MO",47.0
Missouri,"Buchanan County, MO",51.0
Missouri,"Caldwell County, MO",59.0
Missouri,"Macon County, MO",52.5
Missouri,"Cape Girardeau County, MO",47.0
Missouri,"Carter County, MO",37.0
Missouri,"Cedar County, MO",46.0
Missouri,"Chariton County, MO",55.0
Missouri,"Christian County, MO",60.0
Missouri,"Crawford County, MO",50.0
Missouri,"Ray County, MO",0.0
Missouri,"Dade County, MO",50.0
Missouri,"Dallas County, MO",41.0
Missouri,"Montgomery County, MO",57.0
Missouri,"DeKalb County, MO",46.0
Missouri,"Douglas County, MO",40.0
Missouri,"Dunklin County, MO",54.0
Missouri,"Polk County, MO",53.5
Missouri,"Laclede County, MO",56.0
Missouri,"Gentry County, MO",56.0
Missouri,"Miller County, MO",56.0
Missouri,"Barton County, MO",58.0
Missouri,"Greene County, MO",58.0
Missouri,"Grundy County, MO",47.0
Missouri,"Harrison County, MO",42.0
Missouri,"Wright County, MO",58.0
Missouri,"Hickory County, MO",59.0
Missouri,"Holt County, MO",57.0
Missouri,"Howard County, MO",44.0
Missouri,"Bates County, MO",56.0
Missouri,"Howell County, MO",61.0
Missouri,"Carroll County, MO",57.0
Missouri,"Iron County, MO",49.0
Missouri,"Jackson County, MO",59.0
Missouri,"Daviess County, MO",60.5
Missouri,"Jefferson County, MO",61.0
Missouri,"Lewis County, MO",60.0
Missouri,"Lawrence County, MO",56.0
Missouri,"Clark County, MO",57.0
Missouri,"Morgan County, MO",52.0
Missouri,"Taney County, MO",59.0
Missouri,"Madison County, MO",60.0
Missouri,"Johnson County, MO",60.0
Missouri,"Maries County, MO",54.0
Missouri,"Marion County, MO",61.0
Missouri,"McDonald County, MO",42.0
Missouri,"Mercer County, MO",30.0
Missouri,"Mississippi County, MO",48.0
Missouri,"Monroe County, MO",59.0
Missouri,"Randolph County, MO",58.0
Missouri,"Scott County, MO",53.0
Missouri,"New Madrid County, MO",44.0
Missouri,"Newton County, MO",61.0
Missouri,"Oregon County, MO",35.0
Missouri,"Ozark County, MO",49.0
Missouri,"Pemiscot County, MO",31.0
Missouri,"Pike County, MO",62.0
Missouri,"Jasper County, MO",57.0
Missouri,"Pulaski County, MO",58.0
Missouri,"Putnam County, MO",38.0
Missouri,"Ralls County, MO",59.0
Missouri,"Reynolds County, MO",45.0
Missouri,"Ripley County, MO",28.0
Missouri,"St. Louis City, MO",57.90909091
Missouri,"St. Louis County, MO",57.75
Missouri,"Audrain County, MO",55.0
Missouri,"Schuyler County, MO",58.0
Missouri,"Scotland County, MO",60.0
Missouri,"Shannon County, MO",52.0
Missouri,"Shelby County, MO",56.0
Missouri,"St. Clair County, MO",57.0
Missouri,"Perry County, MO",51.0
Missouri,"Stoddard County, MO",55.0
Missouri,"Stone County, MO",49.0
Missouri,"Sullivan County, MO",44.0
Missouri,"Texas County, MO",49.0
Missouri,"Washington County, MO",58.0
Missouri,"Wayne County, MO",53.0
Missouri,"Webster County, MO",54.0
Missouri,"Worth County, MO",48.0
Missouri,"Boone County, MO",44.0
Missouri,"Dent County, MO",53.0
Missouri,"Lafayette County, MO",60.0
Missouri,"Phelps County, MO",61.0
Missouri,"St. Charles County, MO",0.0
Montana,"Carter County, MT",58.0
Montana,"Fallon County, MT",58.0
Montana,"Wibaux County, MT",58.0
Montana,"Lake County, MT",0.0
Montana,"Beaverhead County, MT",56.0
Montana,"Big Horn County, MT",45.0
Montana,"Blaine County, MT",48.0
Montana,"Broadwater County, MT",61.0
Montana,"Carbon County, MT",58.0
Montana,"Cascade County, MT",53.5
Montana,"Lewis and Clark County, MT",55.75
Montana,"Teton County, MT",57.5
Montana,"Chouteau County, MT",55.0
Montana,"Pondera County, MT",59.0
Montana,"Daniels County, MT",33.0
Montana,"Flathead County, MT",59.5
Montana,"Glacier County, MT",43.0
Montana,"Golden Valley County, MT",59.0
Montana,"Granite County, MT",61.0
Montana,"Ravalli County, MT",48.0
Montana,"Judith Basin County, MT",60.0
Montana,"Liberty County, MT",53.0
Montana,"Lincoln County, MT",59.0
Montana,"McCone County, MT",52.0
Montana,"Meagher County, MT",45.0
Montana,"Custer County, MT",62.0
Montana,"Garfield County, MT",62.0
Montana,"Powder River County, MT",62.0
Montana,"Prairie County, MT",62.0
Montana,"Mineral County, MT",59.0
Montana,"Musselshell County, MT",57.0
Montana,"Park County, MT",62.0
Montana,"Petroleum County, MT",56.0
Montana,"Phillips County, MT",59.0
Montana,"Powell County, MT",58.0
Montana,"Roosevelt County, MT",44.0
Montana,"Rosebud County, MT",57.0
Montana,"Sanders County, MT",61.0
Montana,"Sheridan County, MT",54.0
Montana,"Madison County, MT",53.0
Montana,"Silver Bow County, MT",60.0
Montana,"Sweet Grass County, MT",49.0
Montana,"Treasure County, MT",48.0
Montana,"Valley County, MT",54.0
Montana,"Hill County, MT",0.0
Montana,"Yellowstone County, MT",72.0
Montana,"Missoula County, MT",0.0
Montana,"Toole County, MT",0.0
Montana,"Fergus County, MT",52.0
Montana,"Gallatin County, MT",54.0
Montana,"Deer Lodge County, MT",52.0
Montana,"Wheatland County, MT",52.0
Nebraska,"Colfax County, NE",54.5
Nebraska,"Harlan County, NE",54.0
Nebraska,"Antelope County, NE",55.0
Nebraska,"Custer County, NE",0.0
Nebraska,"Arthur County, NE",57.0
Nebraska,"Nemaha County, NE",60.0
Nebraska,"Cass County, NE",56.0
Nebraska,"Banner County, NE",58.0
Nebraska,"Blaine County, NE",50.0
Nebraska,"Boone County, NE",61.0
Nebraska,"Boyd County, NE",51.0
Nebraska,"Brown County, NE",50.0
Nebraska,"Thayer County, NE",58.0
Nebraska,"Cedar County, NE",46.0
Nebraska,"Wayne County, NE",55.0
Nebraska,"Chase County, NE",59.0
Nebraska,"Saunders County, NE",53.66666667
Nebraska,"Merrick County, NE",58.5
Nebraska,"Clay County, NE",44.0
Nebraska,"Dakota County, NE",59.0
Nebraska,"Butler County, NE",47.0
Nebraska,"Burt County, NE",59.0
Nebraska,"Deuel County, NE",60.0
Nebraska,"Dixon County, NE",56.0
Nebraska,"Douglas County, NE",53.33333333
Nebraska,"Dundy County, NE",57.0
Nebraska,"Jefferson County, NE",53.5
Nebraska,"Fillmore County, NE",56.0
Nebraska,"Franklin County, NE",51.0
Nebraska,"Frontier County, NE",58.0
Nebraska,"Furnas County, NE",58.0
Nebraska,"Garfield County, NE",51.0
Nebraska,"Nance County, NE",58.0
Nebraska,"Gosper County, NE",53.0
Nebraska,"Grant County, NE",57.0
Nebraska,"Greeley County, NE",54.0
Nebraska,"Hayes County, NE",56.0
Nebraska,"Madison County, NE",60.0
Nebraska,"Hitchcock County, NE",36.0
Nebraska,"Holt County, NE",52.0
Nebraska,"Hooker County, NE",57.0
Nebraska,"Keya Paha County, NE",50.0
Nebraska,"Knox County, NE",56.0
Nebraska,"Lancaster County, NE",60.0
Nebraska,"Logan County, NE",57.0
Nebraska,"Loup County, NE",32.0
Nebraska,"Hall County, NE",67.0
Nebraska,"McPherson County, NE",57.0
Nebraska,"Valley County, NE",0.0
Nebraska,"Nuckolls County, NE",52.0
Nebraska,"Pawnee County, NE",59.0
Nebraska,"Polk County, NE",59.0
Nebraska,"Buffalo County, NE",47.0
Nebraska,"Richardson County, NE",50.0
Nebraska,"Rock County, NE",42.0
Nebraska,"Howard County, NE",60.0
Nebraska,"Saline County, NE",61.0
Nebraska,"Sarpy County, NE",62.0
Nebraska,"Sherman County, NE",41.0
Nebraska,"Sioux County, NE",51.0
Nebraska,"Johnson County, NE",56.5
Nebraska,"Platte County, NE",58.0
Nebraska,"Stanton County, NE",57.0
Nebraska,"Thomas County, NE",57.0
Nebraska,"Thurston County, NE",55.0
Nebraska,"Wheeler County, NE",56.0
Nebraska,"Cuming County, NE",58.0
Nebraska,"Scotts Bluff County, NE",0.0
Nebraska,"Adams County, NE",0.0
Nebraska,"Dodge County, NE",62.0
Nevada,"Clark County, NV",59.22222222
Nevada,"Esmeralda County, NV",40.0
Nevada,"Eureka County, NV",54.0
Nevada,"Elko County, NV",35.33333333
Nevada,"Lander County, NV",50.0
Nevada,"Lincoln County, NV",51.0
Nevada,"Lyon County, NV",52.0
Nevada,"Pershing County, NV",58.0
Nevada,"Nye County, NV",61.0
Nevada,"Storey County, NV",47.0
Nevada,"Carson City, NV",0.0
Nevada,"Mineral County, NV",55.0
Nevada,"Washoe County, NV",48.0
New Hampshire,"Rockingham County, NH",55.0
New Hampshire,"Carroll County, NH",48.0
New Hampshire,"Hillsborough County, NH",56.5
New Hampshire,"Strafford County, NH",50.0
New Hampshire,"Grafton County, NH",20.4
New Hampshire,"Coos County, NH",0.0
New Hampshire,"Cheshire County, NH",0.0
New Hampshire,"Sullivan County, NH",17.0
New Hampshire,"Windham County, NH",18.33333333
Vermont,"Windham County, VT",18.33333333
New Hampshire,"Belknap County, NH",58.0
New Hampshire,"Merrimack County, NH",48.0
New Jersey,"Atlantic County, NJ",57.5
New Jersey,"Camden County, NJ",48.0
New Jersey,"Middlesex County, NJ",27.0
New Jersey,"Cumberland County, NJ",39.66666667
New Jersey,"Union County, NJ",57.0
New Jersey,"Essex County, NJ",36.25
New Jersey,"Bergen County, NJ",62.0
New Jersey,"Hudson County, NJ",57.0
New Jersey,"Ocean County, NJ",59.0
New Jersey,"Sussex County, NJ",61.0
New Jersey,"Mercer County, NJ",43.0
New Jersey,"Monmouth County, NJ",52.0
New Jersey,"Passaic County, NJ",57.5
New Jersey,"Warren County, NJ",62.0
New Jersey,"Salem County, NJ",57.0
New Jersey,"Gloucester County, NJ",59.0
New Jersey,"Morris County, NJ",61.5
New Jersey,"Cape May County, NJ",57.0
New Jersey,"Burlington County, NJ",0.0
New Mexico,"Bernalillo County, NM",59.0
New Mexico,"Catron County, NM",44.0
New Mexico,"Chaves County, NM",61.0
New Mexico,"Cibola County, NM",51.0
New Mexico,"Colfax County, NM",54.0
New Mexico,"Curry County, NM",61.0
New Mexico,"Eddy County, NM",54.0
New Mexico,"Grant County, NM",57.0
New Mexico,"Guadalupe County, NM",59.0
New Mexico,"Harding County, NM",24.0
New Mexico,"Hidalgo County, NM",52.0
New Mexico,"Lea County, NM",57.0
New Mexico,"Lincoln County, NM",57.0
New Mexico,"Luna County, NM",49.0
New Mexico,"McKinley County, NM",37.0
New Mexico,"Mora County, NM",47.0
New Mexico,"Santa Fe County, NM",38.66666667
New Mexico,"Otero County, NM",53.5
New Mexico,"Taos County, NM",59.33333333
New Mexico,"Quay County, NM",55.0
New Mexico,"Rio Arriba County, NM",61.0
New Mexico,"Roosevelt County, NM",59.0
New Mexico,"San Juan County, NM",48.0
New Mexico,"San Miguel County, NM",59.0
New Mexico,"Sandoval County, NM",34.0
New Mexico,"Sierra County, NM",18.0
New Mexico,"Socorro County, NM",50.0
New Mexico,"Torrance County, NM",46.0
New Mexico,"Union County, NM",42.0
New Mexico,"Valencia County, NM",61.0
New Mexico,"De Baca County, NM",0.0
New Mexico,"Dona Ana County, NM",0.0
New York,"Jefferson County, NY",56.5
New York,"Albany County, NY",53.0
New York,"Allegany County, NY",61.0
New York,"Wyoming County, NY",61.0
New York,"Bronx County, NY",54.66666667
New York,"Columbia County, NY",61.0
New York,"Kings County, NY",54.6
New York,"St. Lawrence County, NY",60.0
New York,"Broome County, NY",49.0
New York,"Cayuga County, NY",56.66666667
New York,"Cattaraugus County, NY",58.5
New York,"Chautauqua County, NY",61.0
New York,"Chemung County, NY",60.0
New York,"Cortland County, NY",57.5
New York,"Montgomery County, NY",57.0
New York,"New York County, NY",55.5
New York,"Delaware County, NY",57.33333333
New York,"Erie County, NY",56.0
New York,"Hamilton County, NY",57.0
New York,"Herkimer County, NY",57.0
New York,"Livingston County, NY",56.0
New York,"Essex County, NY",18.0
New York,"Warren County, NY",27.0
New York,"Monroe County, NY",54.0
New York,"Suffolk County, NY",56.0
New York,"Otsego County, NY",38.66666667
New York,"Franklin County, NY",59.0
New York,"Queens County, NY",56.42857143
New York,"Oneida County, NY",56.66666667
New York,"Onondaga County, NY",55.0
New York,"Fulton County, NY",60.0
New York,"Orange County, NY",54.5
New York,"Orleans County, NY",60.0
New York,"Oswego County, NY",55.0
New York,"Seneca County, NY",61.0
New York,"Ulster County, NY",59.5
New York,"Rensselaer County, NY",59.33333333
New York,"Richmond County, NY",58.5
New York,"Schuyler County, NY",61.0
New York,"Steuben County, NY",59.0
New York,"Rockland County, NY",53.0
New York,"Lewis County, NY",61.0
New York,"Westchester County, NY",35.66666667
New York,"Schenectady County, NY",68.0
New York,"Dutchess County, NY",34.33333333
New York,"Nassau County, NY",0.0
New York,"Washington County, NY",29.0
New York,"Sullivan County, NY",60.33333333
New York,"Tompkins County, NY",50.0
New York,"Niagara County, NY",56.0
New York,"Ontario County, NY",44.0
New York,"Wayne County, NY",44.0
New York,"Greene County, NY",61.0
North Carolina,"Alamance County, NC",53.0
North Carolina,"Alexander County, NC",52.0
North Carolina,"Alleghany County, NC",50.0
North Carolina,"Stanly County, NC",59.5
North Carolina,"Anson County, NC",59.0
North Carolina,"Ashe County, NC",57.0
North Carolina,"Avery County, NC",61.0
North Carolina,"Jackson County, NC",51.5
North Carolina,"Beaufort County, NC",46.0
North Carolina,"Bertie County, NC",36.0
North Carolina,"Bladen County, NC",37.0
North Carolina,"Brunswick County, NC",52.0
North Carolina,"Buncombe County, NC",50.5
North Carolina,"Cabarrus County, NC",60.0
North Carolina,"Caldwell County, NC",56.0
North Carolina,"Camden County, NC",45.0
North Carolina,"Carteret County, NC",59.0
North Carolina,"Caswell County, NC",43.0
North Carolina,"Chatham County, NC",57.0
North Carolina,"Cherokee County, NC",52.0
North Carolina,"Clay County, NC",30.0
North Carolina,"Cleveland County, NC",57.0
North Carolina,"Columbus County, NC",41.0
North Carolina,"Craven County, NC",61.0
North Carolina,"Cumberland County, NC",52.25
North Carolina,"Currituck County, NC",58.0
North Carolina,"Dare County, NC",57.0
North Carolina,"Davidson County, NC",44.0
North Carolina,"Davie County, NC",61.0
North Carolina,"Surry County, NC",54.0
North Carolina,"Duplin County, NC",45.0
North Carolina,"Durham County, NC",55.0
North Carolina,"Iredell County, NC",50.0
North Carolina,"Edgecombe County, NC",46.0
North Carolina,"Forsyth County, NC",55.0
North Carolina,"Franklin County, NC",41.0
North Carolina,"Gaston County, NC",61.5
North Carolina,"Gates County, NC",35.0
North Carolina,"Transylvania County, NC",0.0
North Carolina,"Graham County, NC",56.0
North Carolina,"Granville County, NC",41.0
North Carolina,"Greene County, NC",24.0
North Carolina,"Guilford County, NC",53.5
North Carolina,"Halifax County, NC",34.0
North Carolina,"Harnett County, NC",47.0
North Carolina,"Hertford County, NC",46.0
North Carolina,"Hoke County, NC",42.0
North Carolina,"Lincoln County, NC",61.0
North Carolina,"Hyde County, NC",24.0
North Carolina,"Johnston County, NC",46.0
North Carolina,"Jones County, NC",38.0
North Carolina,"Lenoir County, NC",53.0
North Carolina,"Macon County, NC",52.0
North Carolina,"Madison County, NC",39.0
North Carolina,"Martin County, NC",58.0
North Carolina,"McDowell County, NC",60.0
North Carolina,"Mecklenburg County, NC",51.0
North Carolina,"Mitchell County, NC",41.0
North Carolina,"Montgomery County, NC",49.0
North Carolina,"Nash County, NC",42.0
North Carolina,"New Hanover County, NC",50.0
North Carolina,"Watauga County, NC",20.33333333
North Carolina,"Northampton County, NC",37.0
North Carolina,"Onslow County, NC",53.0
North Carolina,"Orange County, NC",58.0
North Carolina,"Pamlico County, NC",47.0
North Carolina,"Pender County, NC",50.0
North Carolina,"Perquimans County, NC",40.0
North Carolina,"Person County, NC",46.0
North Carolina,"Pitt County, NC",51.0
North Carolina,"Polk County, NC",54.0
North Carolina,"Randolph County, NC",61.0
North Carolina,"Richmond County, NC",46.0
North Carolina,"Robeson County, NC",43.0
North Carolina,"Rockingham County, NC",58.0
North Carolina,"Rutherford County, NC",58.0
North Carolina,"Sampson County, NC",49.0
North Carolina,"Scotland County, NC",48.0
North Carolina,"Rowan County, NC",53.0
North Carolina,"Stokes County, NC",57.0
North Carolina,"Swain County, NC",55.0
North Carolina,"Moore County, NC",24.5
North Carolina,"Tyrrell County, NC",31.0
North Carolina,"Union County, NC",54.0
North Carolina,"Vance County, NC",46.0
North Carolina,"Wake County, NC",56.33333333
North Carolina,"Warren County, NC",30.0
North Carolina,"Washington County, NC",37.0
North Carolina,"Wayne County, NC",54.0
North Carolina,"Catawba County, NC",57.0
North Carolina,"Wilkes County, NC",47.0
North Carolina,"Wilson County, NC",53.0
North Carolina,"Yadkin County, NC",58.0
North Carolina,"Yancey County, NC",46.0
North Carolina,"Henderson County, NC",0.0
North Carolina,"Chowan County, NC",49.0
North Carolina,"Haywood County, NC",53.0
North Dakota,"Adams County, ND",55.0
North Dakota,"Bottineau County, ND",55.33333333
North Dakota,"Mountrail County, ND",56.5
North Dakota,"Benson County, ND",33.0
North Dakota,"Billings County, ND",48.0
North Dakota,"Barnes County, ND",60.0
North Dakota,"Burleigh County, ND",62.0
North Dakota,"Bowman County, ND",58.0
North Dakota,"Burke County, ND",48.0
North Dakota,"Towner County, ND",61.0
North Dakota,"Cass County, ND",55.0
North Dakota,"Cavalier County, ND",61.0
North Dakota,"Dickey County, ND",56.0
North Dakota,"Divide County, ND",54.0
North Dakota,"Dunn County, ND",55.0
North Dakota,"Morton County, ND",53.0
North Dakota,"Stark County, ND",58.5
North Dakota,"Eddy County, ND",56.0
North Dakota,"Emmons County, ND",49.0
North Dakota,"Foster County, ND",58.0
North Dakota,"Golden Valley County, ND",57.0
North Dakota,"Grand Forks County, ND",60.0
North Dakota,"Grant County, ND",58.0
North Dakota,"Griggs County, ND",55.0
North Dakota,"Richland County, ND",46.0
North Dakota,"Hettinger County, ND",54.0
North Dakota,"Stutsman County, ND",56.0
North Dakota,"Kidder County, ND",49.0
North Dakota,"LaMoure County, ND",48.0
North Dakota,"Logan County, ND",54.0
North Dakota,"McHenry County, ND",52.0
North Dakota,"McIntosh County, ND",55.0
North Dakota,"McLean County, ND",60.0
North Dakota,"Ward County, ND",58.0
North Dakota,"Nelson County, ND",56.0
North Dakota,"Oliver County, ND",61.0
North Dakota,"Walsh County, ND",58.0
North Dakota,"Pierce County, ND",56.0
North Dakota,"Ransom County, ND",58.0
North Dakota,"Renville County, ND",60.0
North Dakota,"Rolette County, ND",47.0
North Dakota,"Sargent County, ND",61.0
North Dakota,"Sheridan County, ND",24.0
North Dakota,"Sioux County, ND",39.0
North Dakota,"Slope County, ND",58.0
North Dakota,"Steele County, ND",55.0
North Dakota,"Traill County, ND",60.0
North Dakota,"Pembina County, ND",50.0
North Dakota,"Wells County, ND",57.0
North Dakota,"Mercer County, ND",58.0
North Dakota,"McKenzie County, ND",49.0
North Dakota,"Williams County, ND",49.0
Ohio,"Adams County, OH",47.0
Ohio,"Coshocton County, OH",56.0
Ohio,"Washington County, OH",54.0
Ohio,"Belmont County, OH",56.5
Ohio,"Brown County, OH",60.0
Ohio,"Highland County, OH",59.0
Ohio,"Butler County, OH",55.66666667
Ohio,"Clark County, OH",56.5
Ohio,"Clermont County, OH",60.0
Ohio,"Ross County, OH",58.33333333
Ohio,"Cuyahoga County, OH",50.45
Ohio,"Darke County, OH",56.0
Ohio,"Hamilton County, OH",53.83333333
Ohio,"Stark County, OH",54.25
Ohio,"Franklin County, OH",56.4
Ohio,"Carroll County, OH",56.0
Ohio,"Paulding County, OH",59.0
Ohio,"Fayette County, OH",62.0
Ohio,"Morrow County, OH",60.0
Ohio,"Greene County, OH",57.0
Ohio,"Hardin County, OH",58.0
Ohio,"Harrison County, OH",61.0
Ohio,"Defiance County, OH",58.0
Ohio,"Jackson County, OH",58.0
Ohio,"Jefferson County, OH",49.5
Ohio,"Hocking County, OH",61.0
Ohio,"Lawrence County, OH",59.0
Ohio,"Athens County, OH",59.0
Ohio,"Guernsey County, OH",54.0
Ohio,"Lorain County, OH",58.0
Ohio,"Lucas County, OH",53.55555556
Ohio,"Mahoning County, OH",54.0
Ohio,"Noble County, OH",60.0
Ohio,"Holmes County, OH",58.0
Ohio,"Meigs County, OH",60.0
Ohio,"Tuscarawas County, OH",60.0
Ohio,"Monroe County, OH",61.0
Ohio,"Montgomery County, OH",54.5
Ohio,"Morgan County, OH",59.0
Ohio,"Marion County, OH",58.0
Ohio,"Allen County, OH",52.0
Ohio,"Perry County, OH",61.0
Ohio,"Pike County, OH",54.0
Ohio,"Ottawa County, OH",58.0
Ohio,"Putnam County, OH",61.0
Ohio,"Sandusky County, OH",58.0
Ohio,"Scioto County, OH",59.0
Ohio,"Summit County, OH",44.0
Ohio,"Trumbull County, OH",60.0
Ohio,"Vinton County, OH",50.0
Ohio,"Warren County, OH",60.5
Ohio,"Clinton County, OH",55.0
Ohio,"Wood County, OH",61.0
Ohio,"Fairfield County, OH",0.0
Ohio,"Muskingum County, OH",65.0
Ohio,"Van Wert County, OH",72.0
Ohio,"Columbiana County, OH",0.0
Ohio,"Pickaway County, OH",78.0
Ohio,"Ashtabula County, OH",58.0
Ohio,"Medina County, OH",57.0
Ohio,"Portage County, OH",55.0
Ohio,"Richland County, OH",57.0
Ohio,"Lake County, OH",57.0
Ohio,"Miami County, OH",61.0
Ohio,"Erie County, OH",60.0
Ohio,"Knox County, OH",62.0
Ohio,"Union County, OH",82.0
Ohio,"Madison County, OH",72.0
Ohio,"Huron County, OH",66.0
Ohio,"Logan County, OH",73.0
Oklahoma,"Alfalfa County, OK",52.0
Oklahoma,"Atoka County, OK",50.0
Oklahoma,"Caddo County, OK",59.0
Oklahoma,"Canadian County, OK",56.0
Oklahoma,"Oklahoma County, OK",47.625
Oklahoma,"Rogers County, OK",59.0
Oklahoma,"Choctaw County, OK",34.0
Oklahoma,"Cimarron County, OK",60.0
Oklahoma,"Cleveland County, OK",58.5
Oklahoma,"Coal County, OK",48.0
Oklahoma,"Comanche County, OK",52.0
Oklahoma,"Cotton County, OK",60.0
Oklahoma,"Delaware County, OK",33.0
Oklahoma,"Dewey County, OK",60.0
Oklahoma,"Osage County, OK",53.5
Oklahoma,"Garvin County, OK",60.0
Oklahoma,"Grant County, OK",61.0
Oklahoma,"Greer County, OK",56.0
Oklahoma,"Harmon County, OK",44.0
Oklahoma,"Harper County, OK",57.0
Oklahoma,"Haskell County, OK",52.0
Oklahoma,"Hughes County, OK",47.0
Oklahoma,"Jefferson County, OK",42.0
Oklahoma,"Johnston County, OK",28.0
Oklahoma,"Kiowa County, OK",47.0
Oklahoma,"Latimer County, OK",42.0
Oklahoma,"Le Flore County, OK",55.0
Oklahoma,"Lincoln County, OK",62.0
Oklahoma,"Logan County, OK",61.0
Oklahoma,"Love County, OK",61.0
Oklahoma,"Murray County, OK",59.0
Oklahoma,"Muskogee County, OK",61.0
Oklahoma,"Sequoyah County, OK",60.0
Oklahoma,"Marshall County, OK",61.0
Oklahoma,"Mayes County, OK",61.0
Oklahoma,"McClain County, OK",58.0
Oklahoma,"McCurtain County, OK",50.0
Oklahoma,"McIntosh County, OK",56.0
Oklahoma,"Adair County, OK",58.0
Oklahoma,"Garfield County, OK",55.0
Oklahoma,"Kay County, OK",58.25
Oklahoma,"Tulsa County, OK",56.0
Oklahoma,"Cherokee County, OK",57.5
Oklahoma,"Creek County, OK",60.5
Oklahoma,"Nowata County, OK",60.0
Oklahoma,"Blaine County, OK",49.5
Oklahoma,"Okfuskee County, OK",43.0
Oklahoma,"Okmulgee County, OK",48.0
Oklahoma,"Ottawa County, OK",56.0
Oklahoma,"Pawnee County, OK",39.0
Oklahoma,"Pontotoc County, OK",58.0
Oklahoma,"Pottawatomie County, OK",55.0
Oklahoma,"Pushmataha County, OK",51.0
Oklahoma,"Roger Mills County, OK",57.0
Oklahoma,"Seminole County, OK",56.0
Oklahoma,"Wagoner County, OK",56.0
Oklahoma,"Stephens County, OK",59.0
Oklahoma,"Tillman County, OK",46.0
Oklahoma,"Washita County, OK",61.0
Oklahoma,"Woods County, OK",46.0
Oklahoma,"Bryan County, OK",57.0
Oklahoma,"Ellis County, OK",53.0
Oklahoma,"Carter County, OK",57.5
Oklahoma,"Craig County, OK",55.0
Oklahoma,"Jackson County, OK",61.0
Oklahoma,"Washington County, OK",57.0
Oklahoma,"Payne County, OK",60.0
Oklahoma,"Pittsburg County, OK",54.0
Oklahoma,"Noble County, OK",59.0
Oklahoma,"Texas County, OK",61.0
Oregon,"Morrow County, OR",58.5
Oregon,"Josephine County, OR",54.0
Oregon,"Clackamas County, OR",55.5
Oregon,"Coos County, OR",56.5
Oregon,"Benton County, OR",51.0
Oregon,"Union County, OR",58.5
Oregon,"Curry County, OR",61.0
Oregon,"Baker County, OR",52.5
Oregon,"Gilliam County, OR",55.0
Oregon,"Washington County, OR",56.75
Oregon,"Grant County, OR",37.5
Oregon,"Malheur County, OR",57.0
Oregon,"Lane County, OR",56.66666667
Oregon,"Douglas County, OR",61.0
Oregon,"Marion County, OR",52.0
Oregon,"Wasco County, OR",59.0
Oregon,"Multnomah County, OR",57.0
Oregon,"Umatilla County, OR",61.0
Oregon,"Polk County, OR",53.33333333
Oregon,"Clatsop County, OR",58.33333333
Oregon,"Sherman County, OR",50.0
Oregon,"Lake County, OR",36.0
Oregon,"Deschutes County, OR",52.33333333
Oregon,"Crook County, OR",57.0
Oregon,"Tillamook County, OR",61.0
Oregon,"Wheeler County, OR",55.0
Oregon,"Yamhill County, OR",60.0
Oregon,"Lincoln County, OR",56.66666667
Oregon,"Columbia County, OR",65.0
Oregon,"Hood River County, OR",0.0
Oregon,"Jackson County, OR",0.0
Oregon,"Jefferson County, OR",0.0
Oregon,"Klamath County, OR",0.0
Oregon,"Linn County, OR",58.5
Oregon,"Wallowa County, OR",57.0
Pennsylvania,"Greene County, PA",40.75
Pennsylvania,"Beaver County, PA",54.33333333
Pennsylvania,"Allegheny County, PA",53.72727273
Pennsylvania,"Butler County, PA",60.0
Pennsylvania,"Lehigh County, PA",51.0
Pennsylvania,"McKean County, PA",56.0
Pennsylvania,"Armstrong County, PA",60.0
Pennsylvania,"Indiana County, PA",57.75
Pennsylvania,"Potter County, PA",61.0
Pennsylvania,"Jefferson County, PA",59.0
Pennsylvania,"Clearfield County, PA",33.66666667
Pennsylvania,"Bedford County, PA",56.8
Pennsylvania,"Crawford County, PA",56.5
Pennsylvania,"Centre County, PA",58.4
Pennsylvania,"Huntingdon County, PA",56.5
Pennsylvania,"Juniata County, PA",61.0
Pennsylvania,"Mifflin County, PA",59.0
Pennsylvania,"Cambria County, PA",55.0
Pennsylvania,"Cameron County, PA",59.0
Pennsylvania,"Cumberland County, PA",53.0
Pennsylvania,"Columbia County, PA",57.0
Pennsylvania,"Snyder County, PA",51.0
Pennsylvania,"Berks County, PA",58.0
Pennsylvania,"Venango County, PA",59.66666667
Pennsylvania,"Carbon County, PA",57.0
Pennsylvania,"Schuylkill County, PA",57.0
Pennsylvania,"Chester County, PA",57.5
Pennsylvania,"Mercer County, PA",58.5
Pennsylvania,"Lycoming County, PA",55.66666667
Pennsylvania,"Wayne County, PA",46.0
Pennsylvania,"Dauphin County, PA",59.5
Pennsylvania,"Tioga County, PA",56.33333333
Pennsylvania,"Delaware County, PA",55.0
Pennsylvania,"Clarion County, PA",61.0
Pennsylvania,"Somerset County, PA",57.66666667
Pennsylvania,"Philadelphia County, PA",53.28571429
Pennsylvania,"Wyoming County, PA",55.0
Pennsylvania,"Erie County, PA",56.66666667
Pennsylvania,"Franklin County, PA",54.0
Pennsylvania,"Fayette County, PA",54.5
Pennsylvania,"Forest County, PA",51.0
Pennsylvania,"Fulton County, PA",49.0
Pennsylvania,"Pike County, PA",61.0
Pennsylvania,"Clinton County, PA",58.5
Pennsylvania,"Lackawanna County, PA",61.0
Pennsylvania,"Lancaster County, PA",56.0
Pennsylvania,"Luzerne County, PA",59.2
Pennsylvania,"Adams County, PA",44.0
Pennsylvania,"Lawrence County, PA",61.0
Pennsylvania,"Lebanon County, PA",60.0
Pennsylvania,"Montgomery County, PA",59.5
Pennsylvania,"Bradford County, PA",60.0
Pennsylvania,"Northumberland County, PA",57.0
Pennsylvania,"Northampton County, PA",56.5
Pennsylvania,"Sullivan County, PA",58.0
Pennsylvania,"Susquehanna County, PA",59.0
Pennsylvania,"Washington County, PA",56.75
Pennsylvania,"Perry County, PA",59.0
Pennsylvania,"Westmoreland County, PA",55.5
Pennsylvania,"Blair County, PA",0.0
Pennsylvania,"Monroe County, PA",59.0
Pennsylvania,"York County, PA",56.0
Pennsylvania,"Bucks County, PA",0.0
Rhode Island,"Providence County, RI",41.42857143
Rhode Island,"Newport County, RI",60.0
Rhode Island,"Kent County, RI",58.0
Rhode Island,"Washington County, RI",0.0
Rhode Island,"Bristol County, RI",0.0
South Carolina,"Aiken County, SC",54.0
South Carolina,"Allendale County, SC",55.0
South Carolina,"Georgetown County, SC",59.33333333
South Carolina,"Bamberg County, SC",55.0
South Carolina,"Barnwell County, SC",56.0
South Carolina,"Anderson County, SC",53.5
South Carolina,"Kershaw County, SC",26.75
South Carolina,"Abbeville County, SC",58.0
South Carolina,"Calhoun County, SC",55.0
South Carolina,"Newberry County, SC",0.0
South Carolina,"Charleston County, SC",56.25
South Carolina,"Chester County, SC",44.0
South Carolina,"Chesterfield County, SC",44.0
South Carolina,"Clarendon County, SC",59.0
South Carolina,"Colleton County, SC",60.0
South Carolina,"Darlington County, SC",59.0
South Carolina,"Dillon County, SC",35.0
South Carolina,"Dorchester County, SC",56.0
South Carolina,"Edgefield County, SC",39.0
South Carolina,"Fairfield County, SC",48.0
South Carolina,"Greenville County, SC",55.33333333
South Carolina,"Hampton County, SC",49.0
South Carolina,"Horry County, SC",54.0
South Carolina,"Florence County, SC",58.85714286
South Carolina,"Greenwood County, SC",42.5
South Carolina,"Jasper County, SC",41.0
South Carolina,"Lancaster County, SC",49.0
South Carolina,"Lee County, SC",29.0
South Carolina,"Lexington County, SC",58.0
South Carolina,"Richland County, SC",54.5
South Carolina,"Marlboro County, SC",38.0
South Carolina,"McCormick County, SC",35.0
South Carolina,"Orangeburg County, SC",51.0
South Carolina,"Pickens County, SC",59.75
South Carolina,"Saluda County, SC",45.0
South Carolina,"Beaufort County, SC",55.0
South Carolina,"Spartanburg County, SC",57.4
South Carolina,"Sumter County, SC",60.0
South Carolina,"Union County, SC",56.0
South Carolina,"Berkeley County, SC",56.0
South Carolina,"Marion County, SC",56.0
South Carolina,"Williamsburg County, SC",30.0
South Carolina,"Cherokee County, SC",60.0
South Carolina,"York County, SC",59.5
South Carolina,"Oconee County, SC",60.0
South Carolina,"Laurens County, SC",60.0
South Dakota,"Aurora County, SD",38.0
South Dakota,"Meade County, SD",24.0
South Dakota,"Bennett County, SD",40.0
South Dakota,"Lincoln County, SD",55.66666667
South Dakota,"Grant County, SD",53.5
South Dakota,"Bon Homme County, SD",61.0
South Dakota,"Buffalo County, SD",46.0
South Dakota,"Butte County, SD",58.0
South Dakota,"Campbell County, SD",56.0
South Dakota,"Turner County, SD",54.0
South Dakota,"Charles Mix County, SD",58.0
South Dakota,"Clark County, SD",52.0
South Dakota,"Corson County, SD",29.0
South Dakota,"Custer County, SD",45.0
South Dakota,"Day County, SD",55.0
South Dakota,"Deuel County, SD",59.0
South Dakota,"Dewey County, SD",44.0
South Dakota,"Douglas County, SD",40.0
South Dakota,"Fall River County, SD",24.0
South Dakota,"Edmunds County, SD",50.0
South Dakota,"Brookings County, SD",51.33333333
South Dakota,"Faulk County, SD",58.0
South Dakota,"Gregory County, SD",61.0
South Dakota,"Brown County, SD",58.0
South Dakota,"Hamlin County, SD",59.0
South Dakota,"Hand County, SD",60.0
South Dakota,"Hanson County, SD",56.0
South Dakota,"Harding County, SD",56.0
South Dakota,"Pennington County, SD",52.33333333
South Dakota,"Hutchinson County, SD",60.0
South Dakota,"Hyde County, SD",49.0
South Dakota,"Clay County, SD",48.0
South Dakota,"Jackson County, SD",28.0
South Dakota,"Jerauld County, SD",59.0
South Dakota,"Jones County, SD",45.0
South Dakota,"Brule County, SD",0.0
South Dakota,"Kingsbury County, SD",49.0
South Dakota,"Lawrence County, SD",57.0
South Dakota,"Lyman County, SD",61.0
South Dakota,"Marshall County, SD",56.0
South Dakota,"McCook County, SD",41.0
South Dakota,"McPherson County, SD",34.0
South Dakota,"Mellette County, SD",26.0
South Dakota,"Miner County, SD",45.0
South Dakota,"Minnehaha County, SD",49.0
South Dakota,"Moody County, SD",52.0
South Dakota,"Oglala Lakota County, SD",35.5
South Dakota,"Perkins County, SD",54.0
South Dakota,"Potter County, SD",55.0
South Dakota,"Roberts County, SD",45.0
South Dakota,"Sanborn County, SD",44.0
South Dakota,"Spink County, SD",61.0
South Dakota,"Stanley County, SD",60.0
South Dakota,"Sully County, SD",56.0
South Dakota,"Todd County, SD",23.0
South Dakota,"Tripp County, SD",61.0
South Dakota,"Union County, SD",57.0
South Dakota,"Haakon County, SD",58.0
South Dakota,"Ziebach County, SD",46.0
South Dakota,"Beadle County, SD",59.0
South Dakota,"Lake County, SD",54.0
South Dakota,"Walworth County, SD",54.0
South Dakota,"Davison County, SD",58.0
South Dakota,"Yankton County, SD",89.0
Tennessee,"Benton County, TN",51.0
Tennessee,"Bledsoe County, TN",58.0
Tennessee,"Davidson County, TN",55.33333333
Tennessee,"Cannon County, TN",61.0
Tennessee,"Carter County, TN",59.0
Tennessee,"Cheatham County, TN",60.0
Tennessee,"Chester County, TN",60.0
Tennessee,"Claiborne County, TN",61.0
Tennessee,"Clay County, TN",59.0
Tennessee,"Cocke County, TN",53.0
Tennessee,"Crockett County, TN",59.0
Tennessee,"Cumberland County, TN",56.0
Tennessee,"Decatur County, TN",49.0
Tennessee,"Madison County, TN",51.0
Tennessee,"Fentress County, TN",57.0
Tennessee,"Giles County, TN",59.0
Tennessee,"Grainger County, TN",52.0
Tennessee,"Grundy County, TN",57.0
Tennessee,"Hamilton County, TN",56.0
Tennessee,"Hancock County, TN",50.0
Tennessee,"Hardeman County, TN",52.0
Tennessee,"Hardin County, TN",56.0
Tennessee,"Hawkins County, TN",54.0
Tennessee,"Haywood County, TN",56.0
Tennessee,"Henderson County, TN",60.0
Tennessee,"Hickman County, TN",60.0
Tennessee,"Jackson County, TN",51.0
Tennessee,"Johnson County, TN",52.0
Tennessee,"Knox County, TN",54.33333333
Tennessee,"Lake County, TN",52.0
Tennessee,"Lauderdale County, TN",48.0
Tennessee,"Lewis County, TN",61.0
Tennessee,"Loudon County, TN",56.0
Tennessee,"Macon County, TN",61.0
Tennessee,"Marshall County, TN",61.0
Tennessee,"McNairy County, TN",61.0
Tennessee,"Meigs County, TN",58.0
Tennessee,"Monroe County, TN",60.0
Tennessee,"Montgomery County, TN",57.0
Tennessee,"Moore County, TN",57.0
Tennessee,"Morgan County, TN",55.0
Tennessee,"Shelby County, TN",56.8
Tennessee,"Overton County, TN",59.0
Tennessee,"Perry County, TN",58.0
Tennessee,"Polk County, TN",50.0
Tennessee,"Rhea County, TN",60.0
Tennessee,"Roane County, TN",57.0
Tennessee,"Robertson County, TN",60.0
Tennessee,"Scott County, TN",49.0
Tennessee,"Sequatchie County, TN",61.0
Tennessee,"Stewart County, TN",55.0
Tennessee,"Tipton County, TN",44.0
Tennessee,"Trousdale County, TN",53.0
Tennessee,"Unicoi County, TN",61.0
Tennessee,"Union County, TN",56.0
Tennessee,"Van Buren County, TN",52.0
Tennessee,"Wayne County, TN",55.0
Tennessee,"White County, TN",55.0
Tennessee,"Wilson County, TN",54.0
Tennessee,"Fayette County, TN",60.0
Tennessee,"Franklin County, TN",61.0
Tennessee,"Hamblen County, TN",61.0
Tennessee,"Houston County, TN",56.0
Tennessee,"Jefferson County, TN",58.0
Tennessee,"Lawrence County, TN",59.0
Tennessee,"Lincoln County, TN",57.0
Tennessee,"Marion County, TN",57.0
Tennessee,"McMinn County, TN",56.0
Tennessee,"Obion County, TN",55.0
Tennessee,"Putnam County, TN",58.0
Tennessee,"Sevier County, TN",61.0
Tennessee,"Smith County, TN",61.0
Tennessee,"Warren County, TN",60.0
Tennessee,"Washington County, TN",60.0
Tennessee,"Weakley County, TN",56.0
Tennessee,"Anderson County, TN",60.0
Tennessee,"Bedford County, TN",61.0
Tennessee,"Blount County, TN",61.0
Tennessee,"Bradley County, TN",61.0
Tennessee,"Campbell County, TN",58.0
Tennessee,"Carroll County, TN",61.0
Tennessee,"Coffee County, TN",60.0
Tennessee,"DeKalb County, TN",61.0
Tennessee,"Dickson County, TN",61.0
Tennessee,"Dyer County, TN",60.0
Tennessee,"Gibson County, TN",58.0
Tennessee,"Greene County, TN",59.0
Tennessee,"Henry County, TN",53.0
Tennessee,"Humphreys County, TN",60.0
Tennessee,"Pickett County, TN",52.0
Tennessee,"Sullivan County, TN",60.0
Texas,"Brazoria County, TX",52.0
Texas,"Aransas County, TX",45.0
Texas,"Archer County, TX",61.0
Texas,"Armstrong County, TX",56.0
Texas,"Atascosa County, TX",43.0
Texas,"Austin County, TX",60.0
Texas,"Bandera County, TX",48.0
Texas,"Galveston County, TX",56.66666667
Texas,"Harris County, TX",53.92857143
Texas,"Bee County, TX",61.0
Texas,"Bexar County, TX",58.28571429
Texas,"Blanco County, TX",56.0
Texas,"Borden County, TX",59.0
Texas,"Bosque County, TX",58.0
Texas,"Briscoe County, TX",51.0
Texas,"Brooks County, TX",50.0
Texas,"Brown County, TX",62.0
Texas,"Burleson County, TX",58.0
Texas,"Burnet County, TX",59.0
Texas,"Callahan County, TX",53.0
Texas,"Cameron County, TX",58.0
Texas,"Randall County, TX",58.0
Texas,"Cass County, TX",52.0
Texas,"Tarrant County, TX",57.33333333
Texas,"Clay County, TX",53.0
Texas,"Cochran County, TX",60.0
Texas,"Coke County, TX",46.0
Texas,"Coleman County, TX",57.0
Texas,"Comanche County, TX",58.0
Texas,"Concho County, TX",59.0
Texas,"Cottle County, TX",38.0
Texas,"Crockett County, TX",60.0
Texas,"Crosby County, TX",56.0
Texas,"Culberson County, TX",59.0
Texas,"Dallas County, TX",56.6
Texas,"Bowie County, TX",55.0
Texas,"Delta County, TX",49.0
Texas,"Dickens County, TX",47.0
Texas,"Dimmit County, TX",60.0
Texas,"Donley County, TX",58.0
Texas,"Duval County, TX",49.0
Texas,"Montgomery County, TX",56.0
Texas,"Wichita County, TX",54.0
Texas,"Eastland County, TX",56.0
Texas,"Edwards County, TX",59.0
Texas,"Ellis County, TX",55.0
Texas,"Falls County, TX",54.0
Texas,"Fannin County, TX",57.0
Texas,"Fayette County, TX",59.0
Texas,"Fisher County, TX",47.0
Texas,"Foard County, TX",53.0
Texas,"Fort Bend County, TX",54.0
Texas,"Franklin County, TX",60.0
Texas,"Freestone County, TX",56.0
Texas,"Frio County, TX",60.0
Texas,"Goliad County, TX",53.0
Texas,"Gonzales County, TX",37.0
Texas,"Gray County, TX",61.0
Texas,"Grimes County, TX",59.0
Texas,"Guadalupe County, TX",53.0
Texas,"Hall County, TX",48.0
Texas,"Hamilton County, TX",55.0
Texas,"Hardeman County, TX",58.0
Texas,"Harrison County, TX",61.0
Texas,"Haskell County, TX",57.0
Texas,"Hidalgo County, TX",58.0
Texas,"Hill County, TX",59.0
Texas,"Hockley County, TX",48.0
Texas,"Houston County, TX",48.0
Texas,"Hudspeth County, TX",42.0
Texas,"Irion County, TX",60.0
Texas,"Jeff Davis County, TX",53.0
Texas,"Jim Hogg County, TX",50.0
Texas,"Jim Wells County, TX",61.0
Texas,"Jones County, TX",52.0
Texas,"Karnes County, TX",57.0
Texas,"Kenedy County, TX",56.0
Texas,"Kent County, TX",54.0
Texas,"Kerr County, TX",59.0
Texas,"Kimble County, TX",55.0
Texas,"Kinney County, TX",50.0
Texas,"Knox County, TX",54.0
Texas,"La Salle County, TX",60.0
Texas,"Lamb County, TX",57.0
Texas,"Lee County, TX",58.0
Texas,"Leon County, TX",51.0
Texas,"Limestone County, TX",61.0
Texas,"Live Oak County, TX",52.0
Texas,"Llano County, TX",48.0
Texas,"Hale County, TX",55.0
Texas,"Lynn County, TX",59.0
Texas,"Madison County, TX",59.0
Texas,"Marion County, TX",46.0
Texas,"Mason County, TX",50.0
Texas,"Matagorda County, TX",54.0
Texas,"Maverick County, TX",62.0
Texas,"McCulloch County, TX",57.0
Texas,"McLennan County, TX",49.0
Texas,"McMullen County, TX",48.0
Texas,"Midland County, TX",57.0
Texas,"Milam County, TX",58.0
Texas,"Mills County, TX",53.0
Texas,"Montague County, TX",56.0
Texas,"Morris County, TX",54.0
Texas,"Motley County, TX",43.0
Texas,"Garza County, TX",60.0
Texas,"Nueces County, TX",56.5
Texas,"Newton County, TX",59.0
Texas,"El Paso County, TX",58.0
Texas,"Smith County, TX",54.0
Texas,"Oldham County, TX",54.0
Texas,"Orange County, TX",60.0
Texas,"Panola County, TX",60.0
Texas,"Parmer County, TX",61.0
Texas,"Pecos County, TX",60.0
Texas,"Polk County, TX",58.0
Texas,"Presidio County, TX",52.0
Texas,"Real County, TX",40.0
Texas,"Red River County, TX",51.0
Texas,"Refugio County, TX",54.0
Texas,"Robertson County, TX",54.0
Texas,"Runnels County, TX",57.0
Texas,"Rusk County, TX",49.0
Texas,"Sabine County, TX",39.0
Texas,"San Augustine County, TX",46.0
Texas,"San Jacinto County, TX",53.0
Texas,"San Saba County, TX",52.0
Texas,"Shackelford County, TX",58.0
Texas,"Shelby County, TX",56.0
Texas,"Starr County, TX",51.0
Texas,"Stephens County, TX",55.0
Texas,"Stonewall County, TX",59.0
Texas,"Swisher County, TX",61.0
Texas,"Terrell County, TX",51.0
Texas,"Tom Green County, TX",51.0
Texas,"Travis County, TX",56.0
Texas,"Trinity County, TX",49.0
Texas,"Tyler County, TX",50.0
Texas,"Upshur County, TX",59.0
Texas,"Upton County, TX",60.0
Texas,"Uvalde County, TX",61.0
Texas,"Val Verde County, TX",61.0
Texas,"Van Zandt County, TX",55.0
Texas,"Waller County, TX",60.0
Texas,"Webb County, TX",54.0
Texas,"Brazos County, TX",55.0
Texas,"Hunt County, TX",61.0
Texas,"Palo Pinto County, TX",53.0
Texas,"Willacy County, TX",52.0
Texas,"Williamson County, TX",57.0
Texas,"Wood County, TX",57.0
Texas,"Zapata County, TX",50.0
Texas,"Zavala County, TX",51.0
Texas,"Nacogdoches County, TX",0.0
Texas,"Gregg County, TX",0.0
Texas,"Denton County, TX",0.0
Texas,"Hopkins County, TX",58.0
Texas,"Grayson County, TX",61.0
Texas,"Jasper County, TX",57.0
Texas,"Jefferson County, TX",60.0
Texas,"Lavaca County, TX",56.0
Texas,"Lubbock County, TX",61.0
Texas,"Comal County, TX",62.0
Utah,"Daggett County, UT",58.0
Utah,"Washington County, UT",56.0
Utah,"Carbon County, UT",53.0
Utah,"Emery County, UT",58.0
Utah,"Salt Lake County, UT",58.66666667
Utah,"Kane County, UT",57.0
Utah,"Piute County, UT",45.0
Utah,"Rich County, UT",60.0
Utah,"San Juan County, UT",41.0
Utah,"Sanpete County, UT",54.0
Utah,"Uintah County, UT",61.0
Utah,"Wayne County, UT",57.0
Utah,"Weber County, UT",58.0
Utah,"Juab County, UT",52.0
Utah,"Utah County, UT",0.0
Utah,"Davis County, UT",52.0
Utah,"Sevier County, UT",60.0
Utah,"Garfield County, UT",60.0
Utah,"Grand County, UT",0.0
Vermont,"Caledonia County, VT",27.75
Vermont,"Essex County, VT",18.33333333
Vermont,"Orleans County, VT",35.4
Vermont,"Franklin County, VT",61.0
Vermont,"Grand Isle County, VT",61.0
Vermont,"Windsor County, VT",55.0
Vermont,"Chittenden County, VT",67.0
Vermont,"Addison County, VT",66.5
Vermont,"Washington County, VT",57.0
Vermont,"Orange County, VT",23.0
Vermont,"Lamoille County, VT",52.0
Vermont,"Bennington County, VT",61.0
Vermont,"Rutland County, VT",70.0
Virginia,"Accomack County, VA",50.0
Virginia,"Albemarle County, VA",58.0
Virginia,"Amelia County, VA",59.0
Virginia,"Wise County, VA",56.33333333
Virginia,"Alexandria City, VA",30.5
Virginia,"Arlington County, VA",30.5
Virginia,"Bath County, VA",59.0
Virginia,"Bedford County, VA",60.0
Virginia,"Bland County, VA",54.0
Virginia,"Bristol City, VA",54.0
Virginia,"Brunswick County, VA",49.0
Virginia,"Buchanan County, VA",46.0
Virginia,"Buckingham County, VA",56.0
Virginia,"Caroline County, VA",43.0
Virginia,"Carroll County, VA",57.0
Virginia,"Culpeper County, VA",42.0
Virginia,"Charles City County, VA",61.0
Virginia,"Charlotte County, VA",58.0
Virginia,"Charlottesville City, VA",50.0
Virginia,"Chesapeake City, VA",55.0
Virginia,"Chesterfield County, VA",58.0
Virginia,"Smyth County, VA",59.5
Virginia,"Clarke County, VA",48.0
Virginia,"Craig County, VA",56.0
Virginia,"Cumberland County, VA",61.0
Virginia,"Danville City, VA",59.0
Virginia,"Dickenson County, VA",62.0
Virginia,"Dinwiddie County, VA",57.0
Virginia,"Lynchburg City, VA",54.0
Virginia,"Emporia City, VA",48.0
Virginia,"Essex County, VA",61.0
Virginia,"Floyd County, VA",61.0
Virginia,"Fluvanna County, VA",59.0
Virginia,"Franklin City, VA",59.0
Virginia,"Franklin County, VA",57.0
Virginia,"Fredericksburg City, VA",58.0
Virginia,"Giles County, VA",60.0
Virginia,"Goochland County, VA",60.0
Virginia,"Grayson County, VA",51.0
Virginia,"Greene County, VA",48.0
Virginia,"Greensville County, VA",42.0
Virginia,"Halifax County, VA",52.0
Virginia,"Hampton City, VA",57.5
Virginia,"Newport News City, VA",60.5
Virginia,"Harrisonburg City, VA",56.0
Virginia,"Henrico County, VA",58.0
Virginia,"Henry County, VA",60.0
Virginia,"Martinsville City, VA",59.0
Virginia,"Isle of Wight County, VA",42.0
Virginia,"King and Queen County, VA",61.0
Virginia,"King George County, VA",60.0
Virginia,"King William County, VA",56.0
Virginia,"Lancaster County, VA",55.0
Virginia,"Lee County, VA",61.0
Virginia,"Spotsylvania County, VA",58.0
Virginia,"Loudoun County, VA",59.5
Virginia,"Louisa County, VA",61.0
Virginia,"Lunenburg County, VA",51.0
Virginia,"Madison County, VA",58.0
Virginia,"Mathews County, VA",57.0
Virginia,"Mecklenburg County, VA",47.0
Virginia,"Middlesex County, VA",53.0
Virginia,"Montgomery County, VA",60.0
Virginia,"New Kent County, VA",53.0
Virginia,"Norfolk City, VA",53.66666667
Virginia,"Northampton County, VA",58.0
Virginia,"Botetourt County, VA",58.0
Virginia,"Fauquier County, VA",62.0
Virginia,"Northumberland County, VA",43.0
Virginia,"Roanoke City, VA",52.0
Virginia,"Nottoway County, VA",59.0
Virginia,"Orange County, VA",58.0
Virginia,"Patrick County, VA",49.0
Virginia,"Petersburg City, VA",59.0
Virginia,"Gloucester County, VA",61.0
Virginia,"Pittsylvania County, VA",60.0
Virginia,"Portsmouth City, VA",56.5
Virginia,"Powhatan County, VA",59.5
Virginia,"Prince Edward County, VA",59.0
Virginia,"Radford City, VA",50.0
Virginia,"Rappahannock County, VA",55.0
Virginia,"Richmond City, VA",57.5
Virginia,"Richmond County, VA",61.0
Virginia,"Russell County, VA",60.0
Virginia,"Scott County, VA",54.0
Virginia,"Shenandoah County, VA",59.0
Virginia,"Southampton County, VA",61.0
Virginia,"Stafford County, VA",58.0
Virginia,"Suffolk City, VA",53.0
Virginia,"Surry County, VA",61.0
Virginia,"Sussex County, VA",60.0
Virginia,"Tazewell County, VA",57.0
Virginia,"Virginia Beach City, VA",57.33333333
Virginia,"Washington County, VA",56.0
Virginia,"Waynesboro City, VA",58.0
Virginia,"Westmoreland County, VA",59.0
Virginia,"Wythe County, VA",60.0
Virginia,"York County, VA",54.0
Virginia,"Augusta County, VA",60.0
Virginia,"Staunton City, VA",58.5
Virginia,"Highland County, VA",46.0
Virginia,"Nelson County, VA",57.0
Virginia,"Norton City, VA",56.0
Virginia,"Hopewell City, VA",57.0
Virginia,"James City County, VA",49.0
Virginia,"Williamsburg City, VA",49.0
Virginia,"Alleghany County, VA",59.0
Virginia,"Covington City, VA",59.0
Virginia,"Amherst County, VA",60.0
Virginia,"Appomattox County, VA",61.0
Virginia,"Page County, VA",57.0
Virginia,"Pulaski County, VA",60.0
Virginia,"Winchester City, VA",59.0
Virginia,"Buena Vista City, VA",60.0
Virginia,"Lexington City, VA",60.0
Virginia,"Rockbridge County, VA",60.0
Virginia,"Manassas City, VA",68.0
Virginia,"Manassas Park City, VA",68.0
Virginia,"Prince William County, VA",68.5
Virginia,"Fairfax County, VA",68.0
Washington,"Asotin County, WA",53.0
Washington,"Island County, WA",55.5
Washington,"Snohomish County, WA",59.5
Washington,"Clallam County, WA",57.0
Washington,"Columbia County, WA",57.0
Washington,"Cowlitz County, WA",54.0
Washington,"Douglas County, WA",59.0
Washington,"Kitsap County, WA",28.5
Washington,"Ferry County, WA",58.0
Washington,"Franklin County, WA",42.0
Washington,"Grant County, WA",59.0
Washington,"Clark County, WA",62.0
Washington,"King County, WA",36.33333333
Washington,"Stevens County, WA",59.0
Washington,"San Juan County, WA",0.0
Washington,"Okanogan County, WA",55.0
Washington,"Adams County, WA",59.0
Washington,"Pacific County, WA",61.0
Washington,"Thurston County, WA",58.0
Washington,"Pend Oreille County, WA",50.0
Washington,"Pierce County, WA",61.0
Washington,"Garfield County, WA",60.0
Washington,"Grays Harbor County, WA",55.5
Washington,"Mason County, WA",60.0
Washington,"Spokane County, WA",56.0
Washington,"Lincoln County, WA",59.0
Washington,"Yakima County, WA",60.0
Washington,"Lewis County, WA",0.0
Washington,"Kittitas County, WA",60.0
Washington,"Whatcom County, WA",58.0
Washington,"Klickitat County, WA",58.0
West Virginia,"Greenbrier County, WV",14.75
West Virginia,"Barbour County, WV",59.0
West Virginia,"Braxton County, WV",61.0
West Virginia,"Cabell County, WV",50.5
West Virginia,"Calhoun County, WV",55.0
West Virginia,"Marshall County, WV",60.0
West Virginia,"Clay County, WV",57.0
West Virginia,"Raleigh County, WV",57.66666667
West Virginia,"Doddridge County, WV",58.0
West Virginia,"Grant County, WV",57.0
West Virginia,"Hampshire County, WV",61.0
West Virginia,"Hardy County, WV",49.0
West Virginia,"Harrison County, WV",61.0
West Virginia,"Randolph County, WV",60.0
West Virginia,"Jackson County, WV",61.0
West Virginia,"Jefferson County, WV",47.0
West Virginia,"Kanawha County, WV",41.5
West Virginia,"Lewis County, WV",33.0
West Virginia,"Lincoln County, WV",39.0
West Virginia,"Logan County, WV",57.0
West Virginia,"Mercer County, WV",55.0
West Virginia,"Mason County, WV",45.0
West Virginia,"McDowell County, WV",56.0
West Virginia,"Mingo County, WV",58.0
West Virginia,"Monongalia County, WV",61.0
West Virginia,"Monroe County, WV",60.0
West Virginia,"Nicholas County, WV",55.0
West Virginia,"Ohio County, WV",52.0
West Virginia,"Pleasants County, WV",61.0
West Virginia,"Pocahontas County, WV",57.0
West Virginia,"Preston County, WV",45.0
West Virginia,"Putnam County, WV",48.0
West Virginia,"Ritchie County, WV",62.0
West Virginia,"Summers County, WV",46.0
West Virginia,"Taylor County, WV",53.0
West Virginia,"Tucker County, WV",61.0
West Virginia,"Tyler County, WV",57.0
West Virginia,"Upshur County, WV",51.0
West Virginia,"Fayette County, WV",61.0
West Virginia,"Wayne County, WV",50.0
West Virginia,"Webster County, WV",57.0
West Virginia,"Marion County, WV",55.0
West Virginia,"Wyoming County, WV",60.0
West Virginia,"Hancock County, WV",71.0
West Virginia,"Pendleton County, WV",61.0
West Virginia,"Gilmer County, WV",58.0
West Virginia,"Mineral County, WV",63.0
West Virginia,"Morgan County, WV",60.0
West Virginia,"Roane County, WV",60.0
West Virginia,"Wetzel County, WV",57.0
West Virginia,"Boone County, WV",61.0
West Virginia,"Wirt County, WV",61.0
Wisconsin,"Oconto County, WI",57.5
Wisconsin,"Adams County, WI",57.0
Wisconsin,"Langlade County, WI",55.0
Wisconsin,"Portage County, WI",61.0
Wisconsin,"Shawano County, WI",60.0
Wisconsin,"Trempealeau County, WI",56.0
Wisconsin,"Iowa County, WI",57.5
Wisconsin,"Lafayette County, WI",43.5
Wisconsin,"Juneau County, WI",57.0
Wisconsin,"Wood County, WI",60.0
Wisconsin,"Taylor County, WI",30.5
Wisconsin,"Bayfield County, WI",53.0
Wisconsin,"Washburn County, WI",36.0
Wisconsin,"Jackson County, WI",57.5
Wisconsin,"Buffalo County, WI",54.0
Wisconsin,"Burnett County, WI",56.0
Wisconsin,"Fond du Lac County, WI",59.0
Wisconsin,"Milwaukee County, WI",53.88888889
Wisconsin,"Kenosha County, WI",54.0
Wisconsin,"Racine County, WI",56.0
Wisconsin,"Polk County, WI",58.0
Wisconsin,"Barron County, WI",62.0
Wisconsin,"Chippewa County, WI",60.0
Wisconsin,"Clark County, WI",61.0
Wisconsin,"Dunn County, WI",56.0
Wisconsin,"Sawyer County, WI",51.0
Wisconsin,"Crawford County, WI",54.0
Wisconsin,"Douglas County, WI",54.0
Wisconsin,"Pepin County, WI",54.0
Wisconsin,"Eau Claire County, WI",60.0
Wisconsin,"Waupaca County, WI",54.0
Wisconsin,"Florence County, WI",55.0
Wisconsin,"Forest County, WI",57.0
Wisconsin,"Door County, WI",55.5
Wisconsin,"St. Croix County, WI",60.0
Wisconsin,"Rock County, WI",55.0
Wisconsin,"Iron County, WI",55.0
Wisconsin,"Monroe County, WI",61.0
Wisconsin,"Marathon County, WI",60.0
Wisconsin,"Marinette County, WI",55.5
Wisconsin,"Marquette County, WI",51.0
Wisconsin,"Menominee County, WI",60.0
Wisconsin,"Grant County, WI",60.0
Wisconsin,"Price County, WI",60.0
Wisconsin,"Rusk County, WI",59.0
Wisconsin,"Vernon County, WI",60.0
Wisconsin,"Vilas County, WI",61.0
Wisconsin,"Waushara County, WI",57.0
Wisconsin,"Waukesha County, WI",59.0
Wisconsin,"Brown County, WI",59.0
Wisconsin,"Sheboygan County, WI",51.0
Wisconsin,"Jefferson County, WI",56.0
Wisconsin,"Walworth County, WI",56.0
Wisconsin,"Winnebago County, WI",0.0
Wisconsin,"Dane County, WI",0.0
Wyoming,"Fremont County, WY",58.5
Wyoming,"Park County, WY",71.5
Wyoming,"Carbon County, WY",58.0
Wyoming,"Goshen County, WY",61.0
Wyoming,"Big Horn County, WY",59.0
Wyoming,"Hot Springs County, WY",49.0
Wyoming,"Crook County, WY",56.0
Wyoming,"Natrona County, WY",58.33333333
Wyoming,"Niobrara County, WY",61.0
Wyoming,"Albany County, WY",57.0
Wyoming,"Sheridan County, WY",71.0
Wyoming,"Laramie County, WY",60.0
Wyoming,"Sweetwater County, WY",59.0
Wyoming,"Sublette County, WY",76.0
Wyoming,"Teton County, WY",81.0
